rank,format,score,title,hook,beats,indicator,topic,states,key
1,C Outlier,9.5,Guess the state: India's highest homes where a woman owns house/land,One state is way off the chart on homes where a woman owns house/land: 65.3%. Next closest: 34.3%. Guess it.,"quiz: 3 options, 3-second timer, reveal Meghalaya; India avg 18.8%",10,women,Meghalaya,C-10-top
2,K South league,9.5,South India: Women married before 18,"South India ranked on women married before 18. Andhra Pradesh 25.1%, Kerala only 2.9%.",6 southern states race; Tamil Nadu highlighted; end 'Where's your state?',16,marriage,Andhra Pradesh; Telangana; Karnataka; Tamil Nadu; Puducherry; Kerala,K-16
3,K South league,9.5,South India: Teen girls (15-19) already mothers,"South India ranked on teen girls (15-19) already mothers. Andhra Pradesh 9.2%, Kerala only 1.5%.",6 southern states race; Tamil Nadu highlighted; end 'Where's your state?',19,marriage,Andhra Pradesh; Telangana; Karnataka; Tamil Nadu; Puducherry; Kerala,K-19
4,K South league,9.5,South India: Women who drink alcohol,"South India ranked on women who drink alcohol. Telangana 7.1%, Puducherry only 0.2%.",6 southern states race; Tamil Nadu highlighted; end 'Where's your state?',100,alcohol,Telangana; Andhra Pradesh; Karnataka; Tamil Nadu; Kerala; Puducherry,K-100
5,K South league,9.49,South India: Men married before 21,"South India ranked on men married before 21. Andhra Pradesh 9.7%, Kerala only 1.7%.",6 southern states race; Tamil Nadu highlighted; end 'Where's your state?',17,marriage,Andhra Pradesh; Telangana; Karnataka; Tamil Nadu; Puducherry; Kerala,K-17
6,K South league,9.02,South India: Men who drink alcohol,"South India ranked on men who drink alcohol. Telangana 43.9%, Karnataka only 15.6%.",6 southern states race; Tamil Nadu highlighted; end 'Where's your state?',101,alcohol,Telangana; Tamil Nadu; Andhra Pradesh; Puducherry; Kerala; Karnataka,K-101
7,A Countdown,9,Top 10 states: Homes where a woman owns house/land,Which Indian state has the most homes where a woman owns house/land? #1 is 65.3%.,10→1 bar countdown; India avg 18.8%; reveal #1 Meghalaya; flash last place J&K 5.0%,10,women,Meghalaya,A-10
8,A Countdown,9,Top 10 states: Women married before 18,Which Indian state has the most women married before 18? #1 is 36.4%.,10→1 bar countdown; India avg 20.1%; reveal #1 West Bengal; flash last place Kerala 2.9%,16,marriage,West Bengal,A-16
9,A Countdown,9,Top 10 states: Men married before 21,Which Indian state has the most men married before 21? #1 is 29.6%.,10→1 bar countdown; India avg 15.9%; reveal #1 Bihar; flash last place Kerala 1.7%,17,marriage,Bihar,A-17
10,A Countdown,9,Top 10 states: Teen girls (15-19) already mothers,Which Indian state has the most teen girls (15-19) already mothers? #1 is 18.0%.,10→1 bar countdown; India avg 6.7%; reveal #1 Tripura; flash last place Chandigarh 0.0%,19,marriage,Tripura,A-19
11,A Countdown,9,Top 10 states: C-section births,Which Indian state has the most c-section births? #1 is 62.2%.,10→1 bar countdown; India avg 27.2%; reveal #1 Telangana; flash last place Meghalaya 6.4%,38,birth,Telangana,A-38
12,A Countdown,9,Top 10 states: Babies (6-23m) with an adequate diet,Which Indian state has the most babies (6-23m) with an adequate diet? #1 is 33.0%.,10→1 bar countdown; India avg 15.3%; reveal #1 Goa; flash last place Gujarat 7.8%,68,child diet,Goa,A-68
13,A Countdown,9,Top 10 states: Overweight children,Which Indian state has the most overweight children? #1 is 8.9%.,10→1 bar countdown; India avg 1.3%; reveal #1 Mizoram; flash last place DNH & Daman Diu 0.5%,73,child nutrition,Mizoram,A-73
14,A Countdown,9,Top 10 states: Women who use tobacco,Which Indian state has the most women who use tobacco? #1 is 61.0%.,10→1 bar countdown; India avg 8.4%; reveal #1 Mizoram; flash last place Chandigarh 0.5%,98,tobacco,Mizoram,A-98
15,A Countdown,9,Top 10 states: Men who use tobacco,Which Indian state has the most men who use tobacco? #1 is 73.6%.,10→1 bar countdown; India avg 36.3%; reveal #1 Mizoram; flash last place Puducherry 11.4%,99,tobacco,Mizoram,A-99
16,A Countdown,9,Top 10 states: Women who drink alcohol,Which Indian state has the most women who drink alcohol? #1 is 23.2%.,10→1 bar countdown; India avg 1.1%; reveal #1 Arunachal Pradesh; flash last place Haryana 0.2%,100,alcohol,Arunachal Pradesh,A-100
17,A Countdown,9,Top 10 states: Men who drink alcohol,Which Indian state has the most men who drink alcohol? #1 is 50.5%.,10→1 bar countdown; India avg 18.9%; reveal #1 Arunachal Pradesh; flash last place Gujarat 5.2%,101,alcohol,Arunachal Pradesh,A-101
18,B Movers,9,Who changed most in 4 years: Homes with health insurance,J&K: homes with health insurance went 13.8% → 96.3% in 4 years. Tamil Nadu went the other way: 66.5% → 61.1%.,before/after bars for 5 risers + 5 fallers; biggest faller Tamil Nadu 66.5% → 61.1%,7,home,Jammu and Kashmir; Tamil Nadu,B-7
19,B Movers,9,Who changed most in 4 years: Women who have used the internet,Andhra Pradesh: women who have used the internet went 21.0% → 63.6% in 4 years. Puducherry went the other way: 61.9% → 66.1%.,before/after bars for 5 risers + 5 fallers; biggest faller Puducherry 61.9% → 66.1%,14,digital,Andhra Pradesh; Puducherry,B-14
20,B Movers,9,Who changed most in 4 years: Men who have used the internet,Bihar: men who have used the internet went 35.4% → 78.1% in 4 years. Puducherry went the other way: 80.7% → 80.6%.,before/after bars for 5 risers + 5 fallers; biggest faller Puducherry 80.7% → 80.6%,15,digital,Bihar; Puducherry,B-15
21,B Movers,9,Who changed most in 4 years: C-section births,Sikkim: c-section births went 32.8% → 51.1% in 4 years. Ladakh went the other way: 37.6% → 27.8%.,before/after bars for 5 risers + 5 fallers; biggest faller Ladakh 37.6% → 27.8%,38,birth,Sikkim; Ladakh,B-38
22,B Movers,9,Who changed most in 4 years: Women paid in cash for work,Arunachal Pradesh: women paid in cash for work went 23.5% → 41.8% in 4 years. Ladakh went the other way: 28.3% → 16.2%.,before/after bars for 5 risers + 5 fallers; biggest faller Ladakh 28.3% → 16.2%,91,women,Arunachal Pradesh; Ladakh,B-91
23,B Movers,9,Who changed most in 4 years: Wives facing spousal violence,Kerala: wives facing spousal violence went 9.8% → 17.7% in 4 years. Karnataka went the other way: 44.4% → 14.1%.,before/after bars for 5 risers + 5 fallers; biggest faller Karnataka 44.4% → 14.1%,95,violence,Kerala; Karnataka,B-95
24,G Paradox,9.0,"Goa: #1 for babies (6-23m) with an adequate diet, #1 for men with high sugar (diabetes risk)",Goa is India's #1 for babies (6-23m) with an adequate diet… and #1 for men with high sugar (diabetes risk).,two rank ladders side by side; 33.0% vs 32.1%,68,child diet,Goa,G-Goa-68-83
25,G Paradox,9.0,"Goa: #1 for women who have used the internet, #1 for men with high sugar (diabetes risk)",Goa is India's #1 for women who have used the internet… and #1 for men with high sugar (diabetes risk).,two rank ladders side by side; 94.0% vs 32.1%,14,digital,Goa,G-Goa-14-83
26,G Paradox,9.0,"Kerala: #1 for men who have used the internet, #1 for women with high sugar (diabetes risk)",Kerala is India's #1 for men who have used the internet… and #1 for women with high sugar (diabetes risk).,two rank ladders side by side; 94.9% vs 28.9%,15,digital,Kerala,G-Kerala-15-80
27,G Paradox,9.0,"Sikkim: #1 for women with own mobile phone, #1 for men with high blood pressure",Sikkim is India's #1 for women with own mobile phone… and #1 for men with high blood pressure.,two rank ladders side by side; 91.6% vs 36.6%,93,women,Sikkim,G-Sikkim-93-89
28,G Paradox,9.0,"Sikkim: #1 for women with own mobile phone, #1 for women with high blood pressure",Sikkim is India's #1 for women with own mobile phone… and #1 for women with high blood pressure.,two rank ladders side by side; 91.6% vs 32.0%,93,women,Sikkim,G-Sikkim-93-86
29,H Got worse,9,India got worse: Overweight/obese women,"In 4 years, overweight/obese women went from 24.0% to 30.7% across India. 32 states got worse.","national line up/down, then the worst 5 states light up on a map",76,body,,H-76
30,A Countdown,8.94,Top 10 states: Wives facing spousal violence,Which Indian state has the most wives facing spousal violence? #1 is 36.1%.,10→1 bar countdown; India avg 22.3%; reveal #1 Bihar; flash last place Ladakh 1.9%,95,violence,Bihar,A-95
31,A Countdown,8.85,Top 10 states: Homes with health insurance,Which Indian state has the most homes with health insurance? #1 is 96.3%.,10→1 bar countdown; India avg 60.2%; reveal #1 J&K; flash last place Andaman & Nicobar 9.1%,7,home,Jammu and Kashmir,A-7
32,K South league,8.77,South India: Women who use tobacco,"South India ranked on women who use tobacco. Karnataka 6.4%, Kerala only 2.2%.",6 southern states race; Tamil Nadu highlighted; end 'Where's your state?',98,tobacco,Karnataka; Telangana; Tamil Nadu; Puducherry; Andhra Pradesh; Kerala,K-98
33,D Rivals,8.7,Tamil Nadu vs Telangana: Women who drink alcohol,Tamil Nadu 0.3% vs Telangana 7.1%: women who drink alcohol. Guess who wins.,"split screen, bars race up, Telangana wins; India avg 1.1%; end: 'Which state should we compare next?'",100,alcohol,Tamil Nadu; Telangana,D-Tamil Nadu-Telangana-100
34,D Rivals,8.7,Tamil Nadu vs Gujarat: Men married before 21,Tamil Nadu 3.7% vs Gujarat 24.3%: men married before 21. Guess who wins.,"split screen, bars race up, Gujarat wins; India avg 15.9%; end: 'Which state should we compare next?'",17,marriage,Tamil Nadu; Gujarat,D-Tamil Nadu-Gujarat-17
35,D Rivals,8.69,Tamil Nadu vs Gujarat: Men who drink alcohol,Tamil Nadu 23.5% vs Gujarat 5.2%: men who drink alcohol. Guess who wins.,"split screen, bars race up, Tamil Nadu wins; India avg 18.9%; end: 'Which state should we compare next?'",101,alcohol,Tamil Nadu; Gujarat,D-Tamil Nadu-Gujarat-101
36,H Got worse,8.65,India got worse: Men with high sugar (diabetes risk),"In 4 years, men with high sugar (diabetes risk) went from 15.6% to 20.9% across India. 28 states got worse.","national line up/down, then the worst 5 states light up on a map",83,sugar,,H-83
37,G Paradox,8.6,"Goa: #1 for babies (6-23m) with an adequate diet, #2 for women with high sugar (diabetes risk)",Goa is India's #1 for babies (6-23m) with an adequate diet… and #2 for women with high sugar (diabetes risk).,two rank ladders side by side; 33.0% vs 27.5%,68,child diet,Goa,G-Goa-68-80
38,G Paradox,8.6,"Kerala: #1 for men who have used the internet, #2 for men with high blood pressure",Kerala is India's #1 for men who have used the internet… and #2 for men with high blood pressure.,two rank ladders side by side; 94.9% vs 36.6%,15,digital,Kerala,G-Kerala-15-89
39,G Paradox,8.6,"Kerala: #1 for men who have used the internet, #2 for women with high blood pressure",Kerala is India's #1 for men who have used the internet… and #2 for women with high blood pressure.,two rank ladders side by side; 94.9% vs 31.9%,15,digital,Kerala,G-Kerala-15-86
40,G Paradox,8.6,"Meghalaya: #1 for homes where a woman owns house/land, #2 for men who use tobacco",Meghalaya is India's #1 for homes where a woman owns house/land… and #2 for men who use tobacco.,two rank ladders side by side; 65.3% vs 57.8%,10,women,Meghalaya,G-Meghalaya-10-99
41,G Paradox,8.6,"Meghalaya: #1 for homes where a woman owns house/land, #2 for stunted children",Meghalaya is India's #1 for homes where a woman owns house/land… and #2 for stunted children.,two rank ladders side by side; 65.3% vs 36.8%,10,women,Meghalaya,G-Meghalaya-10-69
42,G Paradox,8.6,"Mizoram: #2 for women with own mobile phone, #1 for men who use tobacco",Mizoram is India's #2 for women with own mobile phone… and #1 for men who use tobacco.,two rank ladders side by side; 90.9% vs 73.6%,93,women,Mizoram,G-Mizoram-93-99
43,G Paradox,8.6,"Mizoram: #2 for women with own mobile phone, #1 for women who use tobacco",Mizoram is India's #2 for women with own mobile phone… and #1 for women who use tobacco.,two rank ladders side by side; 90.9% vs 61.0%,93,women,Mizoram,G-Mizoram-93-98
44,G Paradox,8.6,"Mizoram: #2 for women with own mobile phone, #1 for overweight children",Mizoram is India's #2 for women with own mobile phone… and #1 for overweight children.,two rank ladders side by side; 90.9% vs 8.9%,93,women,Mizoram,G-Mizoram-93-73
45,G Paradox,8.6,"Sikkim: #1 for women with own mobile phone, #2 for women who drink alcohol",Sikkim is India's #1 for women with own mobile phone… and #2 for women who drink alcohol.,two rank ladders side by side; 91.6% vs 19.9%,93,women,Sikkim,G-Sikkim-93-100
46,G Paradox,8.6,"Telangana: #1 for women paid in cash for work, #2 for men who drink alcohol",Telangana is India's #1 for women paid in cash for work… and #2 for men who drink alcohol.,two rank ladders side by side; 53.2% vs 43.9%,91,women,Telangana,G-Telangana-91-101
47,G Paradox,8.6,"Telangana: #1 for women paid in cash for work, #2 for wives facing spousal violence",Telangana is India's #1 for women paid in cash for work… and #2 for wives facing spousal violence.,two rank ladders side by side; 53.2% vs 30.8%,91,women,Telangana,G-Telangana-91-95
48,G Paradox,8.6,"West Bengal: #2 for babies (6-23m) with an adequate diet, #1 for women married before 18",West Bengal is India's #2 for babies (6-23m) with an adequate diet… and #1 for women married before 18.,two rank ladders side by side; 28.3% vs 36.4%,68,child diet,West Bengal,G-West Bengal-68-16
49,K South league,8.6,South India: Wives facing spousal violence,"South India ranked on wives facing spousal violence. Telangana 30.8%, Karnataka only 14.1%.",6 southern states race; Tamil Nadu highlighted; end 'Where's your state?',95,violence,Telangana; Tamil Nadu; Puducherry; Andhra Pradesh; Kerala; Karnataka,K-95
50,K South league,8.58,South India: Homes with health insurance,"South India ranked on homes with health insurance. Andhra Pradesh 91.9%, Puducherry only 43.7%.",6 southern states race; Tamil Nadu highlighted; end 'Where's your state?',7,home,Andhra Pradesh; Telangana; Karnataka; Tamil Nadu; Kerala; Puducherry,K-7
51,B Movers,8.53,Who changed most in 4 years: Women with own mobile phone,Andhra Pradesh: women with own mobile phone went 48.9% → 64.1% in 4 years. Goa went the other way: 91.2% → 89.9%.,before/after bars for 5 risers + 5 fallers; biggest faller Goa 91.2% → 89.9%,93,women,Andhra Pradesh; Goa,B-93
52,K South league,8.53,South India: Men who use tobacco,"South India ranked on men who use tobacco. Karnataka 24.2%, Puducherry only 11.4%.",6 southern states race; Tamil Nadu highlighted; end 'Where's your state?',99,tobacco,Karnataka; Telangana; Andhra Pradesh; Tamil Nadu; Kerala; Puducherry,K-99
53,A Countdown,8.45,Top 10 states: Women paid in cash for work,Which Indian state has the most women paid in cash for work? #1 is 53.2%.,10→1 bar countdown; India avg 30.8%; reveal #1 Telangana; flash last place J&K 14.2%,91,women,Telangana,A-91
54,K South league,8.45,South India: C-sections in private hospitals,"South India ranked on c-sections in private hospitals. Telangana 83.9%, Kerala only 42.5%.",6 southern states race; Tamil Nadu highlighted; end 'Where's your state?',39,birth,Telangana; Andhra Pradesh; Karnataka; Puducherry; Tamil Nadu; Kerala,K-39
55,K South league,8.44,South India: Homes where a woman owns house/land,"South India ranked on homes where a woman owns house/land. Kerala 34.3%, Tamil Nadu only 17.2%.",6 southern states race; Tamil Nadu highlighted; end 'Where's your state?',10,women,Kerala; Andhra Pradesh; Telangana; Karnataka; Puducherry; Tamil Nadu,K-10
56,B Movers,8.4,Who changed most in 4 years: Men who drink alcohol,Uttar Pradesh: men who drink alcohol went 14.5% → 18.7% in 4 years. Goa went the other way: 36.8% → 22.4%.,before/after bars for 5 risers + 5 fallers; biggest faller Goa 36.8% → 22.4%,101,alcohol,Uttar Pradesh; Goa,B-101
57,C Outlier,8.37,Guess the state: India's highest children per woman (fertility rate),One state is way off the chart on children per woman (fertility rate): 2.7. Next closest: 2.2. Guess it.,"quiz: 3 options, 3-second timer, reveal Bihar; India avg 2.0",18,people,Bihar,C-18-top
58,A Countdown,8.36,Top 10 states: Women with high sugar (diabetes risk),Which Indian state has the most women with high sugar (diabetes risk)? #1 is 28.9%.,10→1 bar countdown; India avg 17.8%; reveal #1 Kerala; flash last place Ladakh 6.7%,80,sugar,Kerala,A-80
59,D Rivals,8.34,Tamil Nadu vs Kerala: Women married before 18,Tamil Nadu 10.5% vs Kerala 2.9%: women married before 18. Guess who wins.,"split screen, bars race up, Tamil Nadu wins; India avg 20.1%; end: 'Which state should we compare next?'",16,marriage,Tamil Nadu; Kerala,D-Tamil Nadu-Kerala-16
60,A Countdown,8.31,Top 10 states: Men with high sugar (diabetes risk),Which Indian state has the most men with high sugar (diabetes risk)? #1 is 32.1%.,10→1 bar countdown; India avg 20.9%; reveal #1 Goa; flash last place Meghalaya 6.8%,83,sugar,Goa,A-83
61,B Movers,8.25,Who changed most in 4 years: Men with high blood pressure,Himachal Pradesh: men with high blood pressure went 24.4% → 31.7% in 4 years. Uttarakhand went the other way: 31.8% → 18.3%.,before/after bars for 5 risers + 5 fallers; biggest faller Uttarakhand 31.8% → 18.3%,89,bp,Himachal Pradesh; Uttarakhand,B-89
62,B Movers,8.22,Who changed most in 4 years: Homes where a woman owns house/land,Karnataka: homes where a woman owns house/land went 16.2% → 29.5% in 4 years. Puducherry went the other way: 25.4% → 22.8%.,before/after bars for 5 risers + 5 fallers; biggest faller Puducherry 25.4% → 22.8%,10,women,Karnataka; Puducherry,B-10
63,G Paradox,8.2,"Arunachal Pradesh: #3 for women with own mobile phone, #1 for men who drink alcohol",Arunachal Pradesh is India's #3 for women with own mobile phone… and #1 for men who drink alcohol.,two rank ladders side by side; 90.3% vs 50.5%,93,women,Arunachal Pradesh,G-Arunachal Pradesh-93-101
64,G Paradox,8.2,"Arunachal Pradesh: #3 for women with own mobile phone, #1 for women who drink alcohol",Arunachal Pradesh is India's #3 for women with own mobile phone… and #1 for women who drink alcohol.,two rank ladders side by side; 90.3% vs 23.2%,93,women,Arunachal Pradesh,G-Arunachal Pradesh-93-100
65,G Paradox,8.2,"Meghalaya: #1 for homes where a woman owns house/land, #3 for women who use tobacco",Meghalaya is India's #1 for homes where a woman owns house/land… and #3 for women who use tobacco.,two rank ladders side by side; 65.3% vs 34.6%,10,women,Meghalaya,G-Meghalaya-10-98
66,G Paradox,8.2,"Telangana: #1 for women paid in cash for work, #3 for women who drink alcohol",Telangana is India's #1 for women paid in cash for work… and #3 for women who drink alcohol.,two rank ladders side by side; 53.2% vs 7.1%,91,women,Telangana,G-Telangana-91-100
67,G Paradox,8.2,"West Bengal: #2 for babies (6-23m) with an adequate diet, #2 for teen girls (15-19) already mothers",West Bengal is India's #2 for babies (6-23m) with an adequate diet… and #2 for teen girls (15-19) already mothers.,two rank ladders side by side; 28.3% vs 16.6%,68,child diet,West Bengal,G-West Bengal-68-19
68,H Got worse,8.2,India got worse: Overweight/obese men,"In 4 years, overweight/obese men went from 22.9% to 27.3% across India. 28 states got worse.","national line up/down, then the worst 5 states light up on a map",77,body,,H-77
69,H Got worse,8.15,India got worse: Women with high sugar (diabetes risk),"In 4 years, women with high sugar (diabetes risk) went from 13.5% to 17.8% across India. 29 states got worse.","national line up/down, then the worst 5 states light up on a map",80,sugar,,H-80
70,A Countdown,8.12,Top 10 states: Population aged 60+,Which Indian state has the most population aged 60+? #1 is 20.7%.,10→1 bar countdown; India avg 12.9%; reveal #1 Kerala; flash last place DNH & Daman Diu 6.0%,3,people,Kerala,A-3
71,B Movers,8.12,Who changed most in 4 years: Overweight/obese women,Sikkim: overweight/obese women went 34.8% → 47.5% in 4 years. Ladakh went the other way: 28.3% → 22.8%.,before/after bars for 5 risers + 5 fallers; biggest faller Ladakh 28.3% → 22.8%,76,body,Sikkim; Ladakh,B-76
72,D Rivals,8.1,Kerala vs Karnataka: Women married before 18,Kerala 2.9% vs Karnataka 15.3%: women married before 18. Guess who wins.,"split screen, bars race up, Karnataka wins; India avg 20.1%; end: 'Which state should we compare next?'",16,marriage,Kerala; Karnataka,D-Kerala-Karnataka-16
73,D Rivals,8.1,Andhra Pradesh vs Telangana: Women who drink alcohol,Andhra Pradesh 0.6% vs Telangana 7.1%: women who drink alcohol. Guess who wins.,"split screen, bars race up, Telangana wins; India avg 1.1%; end: 'Which state should we compare next?'",100,alcohol,Andhra Pradesh; Telangana,D-Andhra Pradesh-Telangana-100
74,D Rivals,8.1,Bihar vs Jharkhand: Women who drink alcohol,Bihar 0.4% vs Jharkhand 5.5%: women who drink alcohol. Guess who wins.,"split screen, bars race up, Jharkhand wins; India avg 1.1%; end: 'Which state should we compare next?'",100,alcohol,Bihar; Jharkhand,D-Bihar-Jharkhand-100
75,D Rivals,8.1,Assam vs Meghalaya: Homes where a woman owns house/land,Assam 9.9% vs Meghalaya 65.3%: homes where a woman owns house/land. Guess who wins.,"split screen, bars race up, Meghalaya wins; India avg 18.8%; end: 'Which state should we compare next?'",10,women,Assam; Meghalaya,D-Assam-Meghalaya-10
76,D Rivals,8.1,Kerala vs Uttar Pradesh: Men married before 21,Kerala 1.7% vs Uttar Pradesh 19.5%: men married before 21. Guess who wins.,"split screen, bars race up, Uttar Pradesh wins; India avg 15.9%; end: 'Which state should we compare next?'",17,marriage,Kerala; Uttar Pradesh,D-Kerala-Uttar Pradesh-17
77,D Rivals,8.1,Karnataka vs Telangana: Women who drink alcohol,Karnataka 0.5% vs Telangana 7.1%: women who drink alcohol. Guess who wins.,"split screen, bars race up, Telangana wins; India avg 1.1%; end: 'Which state should we compare next?'",100,alcohol,Karnataka; Telangana,D-Karnataka-Telangana-100
78,A Countdown,8.09,Top 10 states: C-sections in private hospitals,Which Indian state has the most c-sections in private hospitals? #1 is 90.0%.,10→1 bar countdown; India avg 54.1%; reveal #1 J&K; flash last place Nagaland 32.5%,39,birth,Jammu and Kashmir,A-39
79,D Rivals,8.07,Tamil Nadu vs Gujarat: Babies (6-23m) with an adequate diet,Tamil Nadu 20.6% vs Gujarat 7.8%: babies (6-23m) with an adequate diet. Guess who wins.,"split screen, bars race up, Tamil Nadu wins; India avg 15.3%; end: 'Which state should we compare next?'",68,child diet,Tamil Nadu; Gujarat,D-Tamil Nadu-Gujarat-68
80,D Rivals,8.04,West Bengal vs Assam: Women who drink alcohol,West Bengal 0.8% vs Assam 5.8%: women who drink alcohol. Guess who wins.,"split screen, bars race up, Assam wins; India avg 1.1%; end: 'Which state should we compare next?'",100,alcohol,West Bengal; Assam,D-West Bengal-Assam-100
81,D Rivals,8.04,Kerala vs Uttar Pradesh: Women married before 18,Kerala 2.9% vs Uttar Pradesh 13.7%: women married before 18. Guess who wins.,"split screen, bars race up, Uttar Pradesh wins; India avg 20.1%; end: 'Which state should we compare next?'",16,marriage,Kerala; Uttar Pradesh,D-Kerala-Uttar Pradesh-16
82,F Village vs city,8.02,"Sikkim: villages vs cities, C-section births","In Sikkim, c-section births is 53.3% in villages and 43.1% in cities. Villages win.","map pin city vs village, two bars, then India's split",38,birth,Sikkim,F-Sikkim-38
83,B Movers,8.0,Who changed most in 4 years: C-sections in private hospitals,Puducherry: c-sections in private hospitals went 42.0% → 62.4% in 4 years. Meghalaya went the other way: 40.8% → 36.2%.,before/after bars for 5 risers + 5 fallers; biggest faller Meghalaya 40.8% → 36.2%,39,birth,Puducherry; Meghalaya,B-39
84,C Outlier,8.0,Guess the state: India's highest population aged 60+,One state is way off the chart on population aged 60+: 20.7%. Next closest: 17.2%. Guess it.,"quiz: 3 options, 3-second timer, reveal Kerala; India avg 12.9%",3,people,Kerala,C-3-top
85,D Rivals,8.0,Delhi vs Maharashtra: Women who use tobacco,Delhi 1.7% vs Maharashtra 8.8%: women who use tobacco. Guess who wins.,"split screen, bars race up, Maharashtra wins; India avg 8.4%; end: 'Which state should we compare next?'",98,tobacco,NCT of Delhi; Maharashtra,D-NCT of Delhi-Maharashtra-98
86,I Report card,8,Bihar: 5 records nobody talks about,Bihar ranks #1 in India for wives facing spousal violence. That's not even the strangest one.,5 rapid cards: #1 wives facing spousal violence; #1 children per woman (fertility rate); #1 men married before 21; #1 sexual violence before 18; #1 violence during pregnancy,95,violence,Bihar,I-Bihar
87,I Report card,8,Kerala: 5 records nobody talks about,Kerala ranks #1 in India for women with high sugar (diabetes risk). That's not even the strangest one.,5 rapid cards: #1 women with high sugar (diabetes risk); last men married before 21; last women married before 18; #1 men who have used the internet; #1 population aged 60+,80,sugar,Kerala,I-Kerala
88,I Report card,8,Meghalaya: 5 records nobody talks about,Meghalaya ranks last in India for men with high sugar (diabetes risk). That's not even the strangest one.,5 rapid cards: last men with high sugar (diabetes risk); last overweight/obese men; last overweight/obese women; last c-section births; #1 homes where a woman owns house/land,83,sugar,Meghalaya,I-Meghalaya
89,I Report card,8,Nagaland: 5 records nobody talks about,Nagaland ranks last in India for c-sections in private hospitals. That's not even the strangest one.,5 rapid cards: last c-sections in private hospitals; #1 wives in household decisions; #1 vaccinated at private clinics; last children fully vaccinated; last babies born in hospitals,39,birth,Nagaland,I-Nagaland
90,I Report card,8,Sikkim: 5 records nobody talks about,Sikkim ranks #1 in India for women with own mobile phone. That's not even the strangest one.,5 rapid cards: #1 women with own mobile phone; #1 men with high blood pressure; #1 women with high blood pressure; last underweight children; #1 hygienic period protection (15-24),93,women,Sikkim,I-Sikkim
91,K South league,8.0,South India: Overweight children,"South India ranked on overweight children. Tamil Nadu 2.2%, Karnataka only 1.0%.",6 southern states race; Tamil Nadu highlighted; end 'Where's your state?',73,child nutrition,Tamil Nadu; Puducherry; Kerala; Andhra Pradesh; Telangana; Karnataka,K-73
92,K South league,7.99,South India: Stunted children,"South India ranked on stunted children. Telangana 27.0%, Puducherry only 16.6%.",6 southern states race; Tamil Nadu highlighted; end 'Where's your state?',69,child nutrition,Telangana; Karnataka; Andhra Pradesh; Tamil Nadu; Kerala; Puducherry,K-69
93,A Countdown,7.95,Top 10 states: Women with high blood pressure,Which Indian state has the most women with high blood pressure? #1 is 32.0%.,10→1 bar countdown; India avg 19.4%; reveal #1 Sikkim; flash last place Uttar Pradesh 12.1%,86,bp,Sikkim,A-86
94,A Countdown,7.95,Top 10 states: Men with high blood pressure,Which Indian state has the most men with high blood pressure? #1 is 36.6%.,10→1 bar countdown; India avg 22.1%; reveal #1 Sikkim; flash last place Uttar Pradesh 14.1%,89,bp,Sikkim,A-89
95,D Rivals,7.94,Tamil Nadu vs Andhra Pradesh: Women married before 18,Tamil Nadu 10.5% vs Andhra Pradesh 25.1%: women married before 18. Guess who wins.,"split screen, bars race up, Andhra Pradesh wins; India avg 20.1%; end: 'Which state should we compare next?'",16,marriage,Tamil Nadu; Andhra Pradesh,D-Tamil Nadu-Andhra Pradesh-16
96,D Rivals,7.94,Tamil Nadu vs Andhra Pradesh: Men married before 21,Tamil Nadu 3.7% vs Andhra Pradesh 9.7%: men married before 21. Guess who wins.,"split screen, bars race up, Andhra Pradesh wins; India avg 15.9%; end: 'Which state should we compare next?'",17,marriage,Tamil Nadu; Andhra Pradesh,D-Tamil Nadu-Andhra Pradesh-17
97,B Movers,7.92,Who changed most in 4 years: Babies (6-23m) with an adequate diet,Goa: babies (6-23m) with an adequate diet went 21.5% → 33.0% in 4 years. Meghalaya went the other way: 28.5% → 18.9%.,before/after bars for 5 risers + 5 fallers; biggest faller Meghalaya 28.5% → 18.9%,68,child diet,Goa; Meghalaya,B-68
98,D Rivals,7.91,Mizoram vs Nagaland: Women who use tobacco,Mizoram 61.0% vs Nagaland 17.4%: women who use tobacco. Guess who wins.,"split screen, bars race up, Mizoram wins; India avg 8.4%; end: 'Which state should we compare next?'",98,tobacco,Mizoram; Nagaland,D-Mizoram-Nagaland-98
99,D Rivals,7.91,Sikkim vs Arunachal Pradesh: Wives facing spousal violence,Sikkim 4.6% vs Arunachal Pradesh 17.8%: wives facing spousal violence. Guess who wins.,"split screen, bars race up, Arunachal Pradesh wins; India avg 22.3%; end: 'Which state should we compare next?'",95,violence,Sikkim; Arunachal Pradesh,D-Sikkim-Arunachal Pradesh-95
100,D Rivals,7.89,Kerala vs Uttar Pradesh: Women who use tobacco,Kerala 2.2% vs Uttar Pradesh 9.6%: women who use tobacco. Guess who wins.,"split screen, bars race up, Uttar Pradesh wins; India avg 8.4%; end: 'Which state should we compare next?'",98,tobacco,Kerala; Uttar Pradesh,D-Kerala-Uttar Pradesh-98
101,K South league,7.89,South India: Underweight children,"South India ranked on underweight children. Telangana 27.8%, Kerala only 17.8%.",6 southern states race; Tamil Nadu highlighted; end 'Where's your state?',72,child nutrition,Telangana; Karnataka; Tamil Nadu; Andhra Pradesh; Puducherry; Kerala,K-72
102,D Rivals,7.86,Assam vs Meghalaya: C-section births,Assam 22.9% vs Meghalaya 6.4%: c-section births. Guess who wins.,"split screen, bars race up, Assam wins; India avg 27.2%; end: 'Which state should we compare next?'",38,birth,Assam; Meghalaya,D-Assam-Meghalaya-38
103,D Rivals,7.86,Maharashtra vs Tamil Nadu: Men married before 21,Maharashtra 9.2% vs Tamil Nadu 3.7%: men married before 21. Guess who wins.,"split screen, bars race up, Maharashtra wins; India avg 15.9%; end: 'Which state should we compare next?'",17,marriage,Maharashtra; Tamil Nadu,D-Maharashtra-Tamil Nadu-17
104,F Village vs city,7.86,"Goa: villages vs cities, Men who have used the internet","In Goa, men who have used the internet is 96.0% in villages and 87.4% in cities. Villages win.","map pin city vs village, two bars, then India's split",15,digital,Goa,F-Goa-15
105,F Village vs city,7.84,"Sikkim: villages vs cities, Men with high blood pressure","In Sikkim, men with high blood pressure is 39.1% in villages and 30.7% in cities. Villages win.","map pin city vs village, two bars, then India's split",89,bp,Sikkim,F-Sikkim-89
106,K South league,7.83,South India: Women who have used the internet,"South India ranked on women who have used the internet. Kerala 87.3%, Karnataka only 57.9%.",6 southern states race; Tamil Nadu highlighted; end 'Where's your state?',14,digital,Kerala; Puducherry; Telangana; Andhra Pradesh; Tamil Nadu; Karnataka,K-14
107,K South league,7.82,South India: C-section births,"South India ranked on c-section births. Telangana 62.2%, Kerala only 41.3%.",6 southern states race; Tamil Nadu highlighted; end 'Where's your state?',38,birth,Telangana; Andhra Pradesh; Tamil Nadu; Karnataka; Puducherry; Kerala,K-38
108,D Rivals,7.8,Tamil Nadu vs Gujarat: Men who use tobacco,Tamil Nadu 17.7% vs Gujarat 38.4%: men who use tobacco. Guess who wins.,"split screen, bars race up, Gujarat wins; India avg 36.3%; end: 'Which state should we compare next?'",99,tobacco,Tamil Nadu; Gujarat,D-Tamil Nadu-Gujarat-99
109,G Paradox,7.8,"Arunachal Pradesh: #3 for women with own mobile phone, #2 for overweight children",Arunachal Pradesh is India's #3 for women with own mobile phone… and #2 for overweight children.,two rank ladders side by side; 90.3% vs 8.8%,93,women,Arunachal Pradesh,G-Arunachal Pradesh-93-73
110,G Paradox,7.8,"Andhra Pradesh: #3 for women paid in cash for work, #2 for overweight/obese women",Andhra Pradesh is India's #3 for women paid in cash for work… and #2 for overweight/obese women.,two rank ladders side by side; 48.0% vs 47.9%,91,women,Andhra Pradesh,G-Andhra Pradesh-91-76
111,G Paradox,7.8,"Andhra Pradesh: #3 for homes where a woman owns house/land, #2 for overweight/obese women",Andhra Pradesh is India's #3 for homes where a woman owns house/land… and #2 for overweight/obese women.,two rank ladders side by side; 31.9% vs 47.9%,10,women,Andhra Pradesh,G-Andhra Pradesh-10-76
112,G Paradox,7.8,"Andhra Pradesh: #3 for homes with health insurance, #2 for overweight/obese women",Andhra Pradesh is India's #3 for homes with health insurance… and #2 for overweight/obese women.,two rank ladders side by side; 91.9% vs 47.9%,7,home,Andhra Pradesh,G-Andhra Pradesh-7-76
113,D Rivals,7.79,Maharashtra vs Tamil Nadu: Babies (6-23m) with an adequate diet,Maharashtra 9.3% vs Tamil Nadu 20.6%: babies (6-23m) with an adequate diet. Guess who wins.,"split screen, bars race up, Tamil Nadu wins; India avg 15.3%; end: 'Which state should we compare next?'",68,child diet,Maharashtra; Tamil Nadu,D-Maharashtra-Tamil Nadu-68
114,K South league,7.78,South India: Women paid in cash for work,"South India ranked on women paid in cash for work. Telangana 53.2%, Puducherry only 35.9%.",6 southern states race; Tamil Nadu highlighted; end 'Where's your state?',91,women,Telangana; Tamil Nadu; Andhra Pradesh; Karnataka; Kerala; Puducherry,K-91
115,B Movers,7.77,Who changed most in 4 years: Men married before 21,Himachal Pradesh: men married before 21 went 4.6% → 11.5% in 4 years. Telangana went the other way: 16.3% → 5.7%.,before/after bars for 5 risers + 5 fallers; biggest faller Telangana 16.3% → 5.7%,17,marriage,Himachal Pradesh; Telangana,B-17
116,B Movers,7.77,Who changed most in 4 years: Men who use tobacco,Chandigarh: men who use tobacco went 11.9% → 15.1% in 4 years. Ladakh went the other way: 35.5% → 18.9%.,before/after bars for 5 risers + 5 fallers; biggest faller Ladakh 35.5% → 18.9%,99,tobacco,Chandigarh; Ladakh,B-99
117,C Outlier,7.76,Guess the state: India's highest men who use tobacco,One state is way off the chart on men who use tobacco: 73.6%. Next closest: 57.8%. Guess it.,"quiz: 3 options, 3-second timer, reveal Mizoram; India avg 36.3%",99,tobacco,Mizoram,C-99-top
118,B Movers,7.75,Who changed most in 4 years: Men with high sugar (diabetes risk),Karnataka: men with high sugar (diabetes risk) went 15.6% → 26.1% in 4 years. Meghalaya went the other way: 13.9% → 6.8%.,before/after bars for 5 risers + 5 fallers; biggest faller Meghalaya 13.9% → 6.8%,83,sugar,Karnataka; Meghalaya,B-83
119,F Village vs city,7.75,"Sikkim: villages vs cities, Women with high blood pressure","In Sikkim, women with high blood pressure is 34.0% in villages and 26.5% in cities. Villages win.","map pin city vs village, two bars, then India's split",86,bp,Sikkim,F-Sikkim-86
120,K South league,7.75,South India: Population aged 60+,"South India ranked on population aged 60+. Kerala 20.7%, Andhra Pradesh only 13.9%.",6 southern states race; Tamil Nadu highlighted; end 'Where's your state?',3,people,Kerala; Tamil Nadu; Puducherry; Karnataka; Telangana; Andhra Pradesh,K-3
121,K South league,7.74,South India: Women with high sugar (diabetes risk),"South India ranked on women with high sugar (diabetes risk). Kerala 28.9%, Telangana only 19.6%.",6 southern states race; Tamil Nadu highlighted; end 'Where's your state?',80,sugar,Kerala; Puducherry; Tamil Nadu; Karnataka; Andhra Pradesh; Telangana,K-80
122,D Rivals,7.72,Tamil Nadu vs Gujarat: Wives facing spousal violence,Tamil Nadu 28.5% vs Gujarat 13.6%: wives facing spousal violence. Guess who wins.,"split screen, bars race up, Tamil Nadu wins; India avg 22.3%; end: 'Which state should we compare next?'",95,violence,Tamil Nadu; Gujarat,D-Tamil Nadu-Gujarat-95
123,D Rivals,7.7,Tamil Nadu vs Andhra Pradesh: Teen girls (15-19) already mothers,Tamil Nadu 4.1% vs Andhra Pradesh 9.2%: teen girls (15-19) already mothers. Guess who wins.,"split screen, bars race up, Andhra Pradesh wins; India avg 6.7%; end: 'Which state should we compare next?'",19,marriage,Tamil Nadu; Andhra Pradesh,D-Tamil Nadu-Andhra Pradesh-19
124,D Rivals,7.69,Sikkim vs Arunachal Pradesh: C-section births,Sikkim 51.1% vs Arunachal Pradesh 17.4%: c-section births. Guess who wins.,"split screen, bars race up, Sikkim wins; India avg 27.2%; end: 'Which state should we compare next?'",38,birth,Sikkim; Arunachal Pradesh,D-Sikkim-Arunachal Pradesh-38
125,F Village vs city,7.69,"Nagaland: villages vs cities, C-sections in private hospitals","In Nagaland, c-sections in private hospitals is 35.6% in villages and 28.7% in cities. Villages win.","map pin city vs village, two bars, then India's split",39,birth,Nagaland,F-Nagaland-39
126,B Movers,7.68,Who changed most in 4 years: Women married before 18,Nagaland: women married before 18 went 5.6% → 10.2% in 4 years. DNH & Daman Diu went the other way: 26.4% → 16.3%.,before/after bars for 5 risers + 5 fallers; biggest faller DNH & Daman Diu 26.4% → 16.3%,16,marriage,Nagaland; Dadra & Nagar Haveli and Daman & Diu,B-16
127,C Outlier,7.68,Guess the state: India's highest women who use tobacco,One state is way off the chart on women who use tobacco: 61.0%. Next closest: 47.7%. Guess it.,"quiz: 3 options, 3-second timer, reveal Mizoram; India avg 8.4%",98,tobacco,Mizoram,C-98-top
128,D Rivals,7.66,Himachal Pradesh vs Uttarakhand: Wives facing spousal violence,Himachal Pradesh 4.3% vs Uttarakhand 13.7%: wives facing spousal violence. Guess who wins.,"split screen, bars race up, Uttarakhand wins; India avg 22.3%; end: 'Which state should we compare next?'",95,violence,Himachal Pradesh; Uttarakhand,D-Himachal Pradesh-Uttarakhand-95
129,D Rivals,7.65,Tamil Nadu vs Karnataka: Wives facing spousal violence,Tamil Nadu 28.5% vs Karnataka 14.1%: wives facing spousal violence. Guess who wins.,"split screen, bars race up, Tamil Nadu wins; India avg 22.3%; end: 'Which state should we compare next?'",95,violence,Tamil Nadu; Karnataka,D-Tamil Nadu-Karnataka-95
130,D Rivals,7.65,Uttar Pradesh vs Bihar: Teen girls (15-19) already mothers,Uttar Pradesh 3.5% vs Bihar 11.4%: teen girls (15-19) already mothers. Guess who wins.,"split screen, bars race up, Bihar wins; India avg 6.7%; end: 'Which state should we compare next?'",19,marriage,Uttar Pradesh; Bihar,D-Uttar Pradesh-Bihar-19
131,D Rivals,7.64,Tamil Nadu vs Kerala: Homes where a woman owns house/land,Tamil Nadu 17.2% vs Kerala 34.3%: homes where a woman owns house/land. Guess who wins.,"split screen, bars race up, Kerala wins; India avg 18.8%; end: 'Which state should we compare next?'",10,women,Tamil Nadu; Kerala,D-Tamil Nadu-Kerala-10
132,D Rivals,7.64,Kerala vs Uttar Pradesh: Men who use tobacco,Kerala 15.9% vs Uttar Pradesh 45.2%: men who use tobacco. Guess who wins.,"split screen, bars race up, Uttar Pradesh wins; India avg 36.3%; end: 'Which state should we compare next?'",99,tobacco,Kerala; Uttar Pradesh,D-Kerala-Uttar Pradesh-99
133,D Rivals,7.62,Karnataka vs Telangana: Men who drink alcohol,Karnataka 15.6% vs Telangana 43.9%: men who drink alcohol. Guess who wins.,"split screen, bars race up, Telangana wins; India avg 18.9%; end: 'Which state should we compare next?'",101,alcohol,Karnataka; Telangana,D-Karnataka-Telangana-101
134,D Rivals,7.61,Bihar vs Jharkhand: Homes with health insurance,Bihar 21.1% vs Jharkhand 58.4%: homes with health insurance. Guess who wins.,"split screen, bars race up, Jharkhand wins; India avg 60.2%; end: 'Which state should we compare next?'",7,home,Bihar; Jharkhand,D-Bihar-Jharkhand-7
135,G Paradox,7.6,"Chandigarh: #2 for men who have used the internet, #1 for overweight/obese men",Chandigarh is India's #2 for men who have used the internet… and #1 for overweight/obese men.,two rank ladders side by side; 94.3% vs 48.5%,15,digital,Chandigarh,G-Chandigarh-15-77
136,G Paradox,7.6,"West Bengal: #2 for women with own bank account, #1 for women married before 18",West Bengal is India's #2 for women with own bank account… and #1 for women married before 18.,two rank ladders side by side; 95.3% vs 36.4%,92,women,West Bengal,G-West Bengal-92-16
137,D Rivals,7.54,Maharashtra vs Tamil Nadu: Men who drink alcohol,Maharashtra 12.2% vs Tamil Nadu 23.5%: men who drink alcohol. Guess who wins.,"split screen, bars race up, Tamil Nadu wins; India avg 18.9%; end: 'Which state should we compare next?'",101,alcohol,Maharashtra; Tamil Nadu,D-Maharashtra-Tamil Nadu-101
138,F Village vs city,7.54,"Arunachal Pradesh: villages vs cities, C-sections in private hospitals","In Arunachal Pradesh, c-sections in private hospitals is 65.1% in villages and 59.7% in cities. Villages win.","map pin city vs village, two bars, then India's split",39,birth,Arunachal Pradesh,F-Arunachal Pradesh-39
139,D Rivals,7.52,Tamil Nadu vs Telangana: Men who drink alcohol,Tamil Nadu 23.5% vs Telangana 43.9%: men who drink alcohol. Guess who wins.,"split screen, bars race up, Telangana wins; India avg 18.9%; end: 'Which state should we compare next?'",101,alcohol,Tamil Nadu; Telangana,D-Tamil Nadu-Telangana-101
140,D Rivals,7.51,Kerala vs Uttar Pradesh: Women with high blood pressure,Kerala 31.9% vs Uttar Pradesh 12.1%: women with high blood pressure. Guess who wins.,"split screen, bars race up, Kerala wins; India avg 19.4%; end: 'Which state should we compare next?'",86,bp,Kerala; Uttar Pradesh,D-Kerala-Uttar Pradesh-86
141,D Rivals,7.5,Assam vs Meghalaya: Wives facing spousal violence,Assam 16.2% vs Meghalaya 5.9%: wives facing spousal violence. Guess who wins.,"split screen, bars race up, Assam wins; India avg 22.3%; end: 'Which state should we compare next?'",95,violence,Assam; Meghalaya,D-Assam-Meghalaya-95
142,K South league,7.5,South India: Men sterilised,"South India ranked on men sterilised. Telangana 3.6%, Karnataka only 0.0%.",6 southern states race; Tamil Nadu highlighted; end 'Where's your state?',24,family,Telangana; Puducherry; Andhra Pradesh; Kerala; Tamil Nadu; Karnataka,K-24
143,D Rivals,7.49,Tamil Nadu vs Andhra Pradesh: Homes where a woman owns house/land,Tamil Nadu 17.2% vs Andhra Pradesh 31.9%: homes where a woman owns house/land. Guess who wins.,"split screen, bars race up, Andhra Pradesh wins; India avg 18.8%; end: 'Which state should we compare next?'",10,women,Tamil Nadu; Andhra Pradesh,D-Tamil Nadu-Andhra Pradesh-10
144,D Rivals,7.49,Maharashtra vs Gujarat: Men married before 21,Maharashtra 9.2% vs Gujarat 24.3%: men married before 21. Guess who wins.,"split screen, bars race up, Gujarat wins; India avg 15.9%; end: 'Which state should we compare next?'",17,marriage,Maharashtra; Gujarat,D-Maharashtra-Gujarat-17
145,D Rivals,7.49,Mizoram vs Nagaland: Wives facing spousal violence,Mizoram 11.4% vs Nagaland 4.0%: wives facing spousal violence. Guess who wins.,"split screen, bars race up, Mizoram wins; India avg 22.3%; end: 'Which state should we compare next?'",95,violence,Mizoram; Nagaland,D-Mizoram-Nagaland-95
146,D Rivals,7.49,Kerala vs Uttar Pradesh: Men with high blood pressure,Kerala 36.6% vs Uttar Pradesh 14.1%: men with high blood pressure. Guess who wins.,"split screen, bars race up, Kerala wins; India avg 22.1%; end: 'Which state should we compare next?'",89,bp,Kerala; Uttar Pradesh,D-Kerala-Uttar Pradesh-89
147,D Rivals,7.48,Maharashtra vs Tamil Nadu: Women married before 18,Maharashtra 19.7% vs Tamil Nadu 10.5%: women married before 18. Guess who wins.,"split screen, bars race up, Maharashtra wins; India avg 20.1%; end: 'Which state should we compare next?'",16,marriage,Maharashtra; Tamil Nadu,D-Maharashtra-Tamil Nadu-16
148,F Village vs city,7.47,"Delhi: villages vs cities, C-section births","In Delhi, c-section births is 32.0% in villages and 27.3% in cities. Villages win.","map pin city vs village, two bars, then India's split",38,birth,NCT of Delhi,F-NCT of Delhi-38
149,B Movers,7.45,Who changed most in 4 years: Underweight children,Chandigarh: underweight children went 20.6% → 31.6% in 4 years. Nagaland went the other way: 26.9% → 12.2%.,before/after bars for 5 risers + 5 fallers; biggest faller Nagaland 26.9% → 12.2%,72,child nutrition,Chandigarh; Nagaland,B-72
150,D Rivals,7.45,Uttar Pradesh vs Bihar: Women married before 18,Uttar Pradesh 13.7% vs Bihar 34.6%: women married before 18. Guess who wins.,"split screen, bars race up, Bihar wins; India avg 20.1%; end: 'Which state should we compare next?'",16,marriage,Uttar Pradesh; Bihar,D-Uttar Pradesh-Bihar-16
151,D Rivals,7.43,Tamil Nadu vs Telangana: Homes where a woman owns house/land,Tamil Nadu 17.2% vs Telangana 31.1%: homes where a woman owns house/land. Guess who wins.,"split screen, bars race up, Telangana wins; India avg 18.8%; end: 'Which state should we compare next?'",10,women,Tamil Nadu; Telangana,D-Tamil Nadu-Telangana-10
152,D Rivals,7.42,Punjab vs Himachal Pradesh: Babies (6-23m) with an adequate diet,Punjab 11.1% vs Himachal Pradesh 27.8%: babies (6-23m) with an adequate diet. Guess who wins.,"split screen, bars race up, Himachal Pradesh wins; India avg 15.3%; end: 'Which state should we compare next?'",68,child diet,Punjab; Himachal Pradesh,D-Punjab-Himachal Pradesh-68
153,B Movers,7.4,Who changed most in 4 years: Women with high blood pressure,J&K: women with high blood pressure went 20.0% → 25.0% in 4 years. Uttarakhand went the other way: 22.9% → 14.5%.,before/after bars for 5 risers + 5 fallers; biggest faller Uttarakhand 22.9% → 14.5%,86,bp,Jammu and Kashmir; Uttarakhand,B-86
154,D Rivals,7.4,West Bengal vs Odisha: Teen girls (15-19) already mothers,West Bengal 16.6% vs Odisha 6.5%: teen girls (15-19) already mothers. Guess who wins.,"split screen, bars race up, West Bengal wins; India avg 6.7%; end: 'Which state should we compare next?'",19,marriage,West Bengal; Odisha,D-West Bengal-Odisha-19
155,D Rivals,7.4,Uttar Pradesh vs Rajasthan: Homes with health insurance,Uttar Pradesh 37.2% vs Rajasthan 88.7%: homes with health insurance. Guess who wins.,"split screen, bars race up, Rajasthan wins; India avg 60.2%; end: 'Which state should we compare next?'",7,home,Uttar Pradesh; Rajasthan,D-Uttar Pradesh-Rajasthan-7
156,G Paradox,7.4,"Himachal Pradesh: #3 for babies (6-23m) with an adequate diet, #3 for men with high blood pressure",Himachal Pradesh is India's #3 for babies (6-23m) with an adequate diet… and #3 for men with high blood pressure.,two rank ladders side by side; 27.8% vs 31.7%,68,child diet,Himachal Pradesh,G-Himachal Pradesh-68-89
157,A Countdown,7.38,Top 10 states: Women who have used the internet,Which Indian state has the most women who have used the internet? #1 is 94.0%.,10→1 bar countdown; India avg 64.3%; reveal #1 Goa; flash last place Tripura 48.8%,14,digital,Goa,A-14
158,B Movers,7.38,Who changed most in 4 years: Women with high sugar (diabetes risk),Karnataka: women with high sugar (diabetes risk) went 14.0% → 22.3% in 4 years. Meghalaya went the other way: 9.5% → 7.1%.,before/after bars for 5 risers + 5 fallers; biggest faller Meghalaya 9.5% → 7.1%,80,sugar,Karnataka; Meghalaya,B-80
159,D Rivals,7.38,Maharashtra vs Tamil Nadu: Men who use tobacco,Maharashtra 31.3% vs Tamil Nadu 17.7%: men who use tobacco. Guess who wins.,"split screen, bars race up, Maharashtra wins; India avg 36.3%; end: 'Which state should we compare next?'",99,tobacco,Maharashtra; Tamil Nadu,D-Maharashtra-Tamil Nadu-99
160,A Countdown,7.37,Top 10 states: Overweight/obese women,Which Indian state has the most overweight/obese women? #1 is 51.3%.,10→1 bar countdown; India avg 30.7%; reveal #1 Puducherry; flash last place Meghalaya 13.8%,76,body,Puducherry,A-76
161,A Countdown,7.36,Top 10 states: Women with own mobile phone,Which Indian state has the most women with own mobile phone? #1 is 91.6%.,10→1 bar countdown; India avg 63.6%; reveal #1 Sikkim; flash last place Chhattisgarh 47.8%,93,women,Sikkim,A-93
162,B Movers,7.35,Who changed most in 4 years: Overweight/obese men,Chandigarh: overweight/obese men went 34.4% → 48.5% in 4 years. Ladakh went the other way: 37.8% → 27.8%.,before/after bars for 5 risers + 5 fallers; biggest faller Ladakh 37.8% → 27.8%,77,body,Chandigarh; Ladakh,B-77
163,D Rivals,7.35,Delhi vs Haryana: Homes with health insurance,Delhi 29.3% vs Haryana 68.3%: homes with health insurance. Guess who wins.,"split screen, bars race up, Haryana wins; India avg 60.2%; end: 'Which state should we compare next?'",7,home,NCT of Delhi; Haryana,D-NCT of Delhi-Haryana-7
164,F Village vs city,7.35,"Tamil Nadu: villages vs cities, C-sections in private hospitals","In Tamil Nadu, c-sections in private hospitals is 62.1% in villages and 58.6% in cities. Villages win.","map pin city vs village, two bars, then India's split",39,birth,Tamil Nadu,F-Tamil Nadu-39
165,F Village vs city,7.34,"Arunachal Pradesh: villages vs cities, Women with high blood pressure","In Arunachal Pradesh, women with high blood pressure is 25.2% in villages and 21.8% in cities. Villages win.","map pin city vs village, two bars, then India's split",86,bp,Arunachal Pradesh,F-Arunachal Pradesh-86
166,A Countdown,7.33,Top 10 states: Overweight/obese men,Which Indian state has the most overweight/obese men? #1 is 48.5%.,10→1 bar countdown; India avg 27.3%; reveal #1 Chandigarh; flash last place Meghalaya 15.6%,77,body,Chandigarh,A-77
167,D Rivals,7.31,Tamil Nadu vs Karnataka: Homes where a woman owns house/land,Tamil Nadu 17.2% vs Karnataka 29.5%: homes where a woman owns house/land. Guess who wins.,"split screen, bars race up, Karnataka wins; India avg 18.8%; end: 'Which state should we compare next?'",10,women,Tamil Nadu; Karnataka,D-Tamil Nadu-Karnataka-10
168,D Rivals,7.31,Tamil Nadu vs Gujarat: Stunted children,Tamil Nadu 20.7% vs Gujarat 35.3%: stunted children. Guess who wins.,"split screen, bars race up, Gujarat wins; India avg 29.3%; end: 'Which state should we compare next?'",69,child nutrition,Tamil Nadu; Gujarat,D-Tamil Nadu-Gujarat-69
169,F Village vs city,7.3,"Himachal Pradesh: villages vs cities, C-sections in private hospitals","In Himachal Pradesh, c-sections in private hospitals is 64.1% in villages and 61.1% in cities. Villages win.","map pin city vs village, two bars, then India's split",39,birth,Himachal Pradesh,F-Himachal Pradesh-39
170,D Rivals,7.29,Assam vs Meghalaya: C-sections in private hospitals,Assam 81.4% vs Meghalaya 36.2%: c-sections in private hospitals. Guess who wins.,"split screen, bars race up, Assam wins; India avg 54.1%; end: 'Which state should we compare next?'",39,birth,Assam; Meghalaya,D-Assam-Meghalaya-39
171,F Village vs city,7.29,"Goa: villages vs cities, Women with high blood pressure","In Goa, women with high blood pressure is 27.8% in villages and 24.9% in cities. Villages win.","map pin city vs village, two bars, then India's split",86,bp,Goa,F-Goa-86
172,D Rivals,7.28,Tamil Nadu vs Gujarat: Women married before 18,Tamil Nadu 10.5% vs Gujarat 18.0%: women married before 18. Guess who wins.,"split screen, bars race up, Gujarat wins; India avg 20.1%; end: 'Which state should we compare next?'",16,marriage,Tamil Nadu; Gujarat,D-Tamil Nadu-Gujarat-16
173,D Rivals,7.27,Tamil Nadu vs Telangana: Women married before 18,Tamil Nadu 10.5% vs Telangana 17.9%: women married before 18. Guess who wins.,"split screen, bars race up, Telangana wins; India avg 20.1%; end: 'Which state should we compare next?'",16,marriage,Tamil Nadu; Telangana,D-Tamil Nadu-Telangana-16
174,F Village vs city,7.27,"Goa: villages vs cities, Men with high blood pressure","In Goa, men with high blood pressure is 29.0% in villages and 26.3% in cities. Villages win.","map pin city vs village, two bars, then India's split",89,bp,Goa,F-Goa-89
175,F Village vs city,7.23,"Himachal Pradesh: villages vs cities, Men with high sugar (diabetes risk)","In Himachal Pradesh, men with high sugar (diabetes risk) is 20.3% in villages and 18.0% in cities. Villages win.","map pin city vs village, two bars, then India's split",83,sugar,Himachal Pradesh,F-Himachal Pradesh-83
176,D Rivals,7.22,Maharashtra vs Gujarat: Men who drink alcohol,Maharashtra 12.2% vs Gujarat 5.2%: men who drink alcohol. Guess who wins.,"split screen, bars race up, Maharashtra wins; India avg 18.9%; end: 'Which state should we compare next?'",101,alcohol,Maharashtra; Gujarat,D-Maharashtra-Gujarat-101
177,D Rivals,7.22,Assam vs Meghalaya: Men with high sugar (diabetes risk),Assam 15.6% vs Meghalaya 6.8%: men with high sugar (diabetes risk). Guess who wins.,"split screen, bars race up, Assam wins; India avg 20.9%; end: 'Which state should we compare next?'",83,sugar,Assam; Meghalaya,D-Assam-Meghalaya-83
178,F Village vs city,7.22,"Arunachal Pradesh: villages vs cities, Men with high blood pressure","In Arunachal Pradesh, men with high blood pressure is 32.0% in villages and 29.8% in cities. Villages win.","map pin city vs village, two bars, then India's split",89,bp,Arunachal Pradesh,F-Arunachal Pradesh-89
179,D Rivals,7.21,Uttar Pradesh vs Bihar: Women who use tobacco,Uttar Pradesh 9.6% vs Bihar 4.0%: women who use tobacco. Guess who wins.,"split screen, bars race up, Uttar Pradesh wins; India avg 8.4%; end: 'Which state should we compare next?'",98,tobacco,Uttar Pradesh; Bihar,D-Uttar Pradesh-Bihar-98
180,D Rivals,7.21,West Bengal vs Assam: Teen girls (15-19) already mothers,West Bengal 16.6% vs Assam 7.3%: teen girls (15-19) already mothers. Guess who wins.,"split screen, bars race up, West Bengal wins; India avg 6.7%; end: 'Which state should we compare next?'",19,marriage,West Bengal; Assam,D-West Bengal-Assam-19
181,D Rivals,7.21,Mizoram vs Nagaland: Babies (6-23m) with an adequate diet,Mizoram 8.0% vs Nagaland 18.0%: babies (6-23m) with an adequate diet. Guess who wins.,"split screen, bars race up, Nagaland wins; India avg 15.3%; end: 'Which state should we compare next?'",68,child diet,Mizoram; Nagaland,D-Mizoram-Nagaland-68
182,A Countdown,7.2,Top 10 states: Children per woman (fertility rate),Which Indian state has the most children per woman (fertility rate)? #1 is 2.7.,10→1 bar countdown; India avg 2.0; reveal #1 Bihar; flash last place Andaman & Nicobar 0.9,18,people,Bihar,A-18
183,D Rivals,7.2,Karnataka vs Telangana: Wives facing spousal violence,Karnataka 14.1% vs Telangana 30.8%: wives facing spousal violence. Guess who wins.,"split screen, bars race up, Telangana wins; India avg 22.3%; end: 'Which state should we compare next?'",95,violence,Karnataka; Telangana,D-Karnataka-Telangana-95
184,D Rivals,7.19,Tamil Nadu vs Gujarat: C-section births,Tamil Nadu 46.9% vs Gujarat 29.0%: c-section births. Guess who wins.,"split screen, bars race up, Tamil Nadu wins; India avg 27.2%; end: 'Which state should we compare next?'",38,birth,Tamil Nadu; Gujarat,D-Tamil Nadu-Gujarat-38
185,K South league,7.19,South India: Babies (6-23m) with an adequate diet,"South India ranked on babies (6-23m) with an adequate diet. Puducherry 27.2%, Telangana only 15.3%.",6 southern states race; Tamil Nadu highlighted; end 'Where's your state?',68,child diet,Puducherry; Kerala; Tamil Nadu; Andhra Pradesh; Karnataka; Telangana,K-68
186,D Rivals,7.17,Maharashtra vs Tamil Nadu: Homes with health insurance,Maharashtra 38.3% vs Tamil Nadu 61.1%: homes with health insurance. Guess who wins.,"split screen, bars race up, Tamil Nadu wins; India avg 60.2%; end: 'Which state should we compare next?'",7,home,Maharashtra; Tamil Nadu,D-Maharashtra-Tamil Nadu-7
187,F Village vs city,7.17,"Puducherry: villages vs cities, Overweight/obese men","In Puducherry, overweight/obese men is 53.4% in villages and 41.7% in cities. Villages win.","map pin city vs village, two bars, then India's split",77,body,Puducherry,F-Puducherry-77
188,D Rivals,7.16,Tamil Nadu vs Kerala: Wives facing spousal violence,Tamil Nadu 28.5% vs Kerala 17.7%: wives facing spousal violence. Guess who wins.,"split screen, bars race up, Tamil Nadu wins; India avg 22.3%; end: 'Which state should we compare next?'",95,violence,Tamil Nadu; Kerala,D-Tamil Nadu-Kerala-95
189,D Rivals,7.16,Kerala vs Uttar Pradesh: C-section births,Kerala 41.3% vs Uttar Pradesh 19.5%: c-section births. Guess who wins.,"split screen, bars race up, Kerala wins; India avg 27.2%; end: 'Which state should we compare next?'",38,birth,Kerala; Uttar Pradesh,D-Kerala-Uttar Pradesh-38
190,D Rivals,7.13,Assam vs Meghalaya: Women who use tobacco,Assam 16.5% vs Meghalaya 34.6%: women who use tobacco. Guess who wins.,"split screen, bars race up, Meghalaya wins; India avg 8.4%; end: 'Which state should we compare next?'",98,tobacco,Assam; Meghalaya,D-Assam-Meghalaya-98
191,D Rivals,7.12,Madhya Pradesh vs Chhattisgarh: Men who drink alcohol,Madhya Pradesh 18.5% vs Chhattisgarh 38.3%: men who drink alcohol. Guess who wins.,"split screen, bars race up, Chhattisgarh wins; India avg 18.9%; end: 'Which state should we compare next?'",101,alcohol,Madhya Pradesh; Chhattisgarh,D-Madhya Pradesh-Chhattisgarh-101
192,D Rivals,7.11,Punjab vs Himachal Pradesh: Men who use tobacco,Punjab 13.9% vs Himachal Pradesh 28.9%: men who use tobacco. Guess who wins.,"split screen, bars race up, Himachal Pradesh wins; India avg 36.3%; end: 'Which state should we compare next?'",99,tobacco,Punjab; Himachal Pradesh,D-Punjab-Himachal Pradesh-99
193,D Rivals,7.1,Maharashtra vs Tamil Nadu: Women with high sugar (diabetes risk),Maharashtra 16.0% vs Tamil Nadu 25.2%: women with high sugar (diabetes risk). Guess who wins.,"split screen, bars race up, Tamil Nadu wins; India avg 17.8%; end: 'Which state should we compare next?'",80,sugar,Maharashtra; Tamil Nadu,D-Maharashtra-Tamil Nadu-80
194,D Rivals,7.08,Bihar vs Jharkhand: Men who drink alcohol,Bihar 16.5% vs Jharkhand 33.6%: men who drink alcohol. Guess who wins.,"split screen, bars race up, Jharkhand wins; India avg 18.9%; end: 'Which state should we compare next?'",101,alcohol,Bihar; Jharkhand,D-Bihar-Jharkhand-101
195,B Movers,7.05,Who changed most in 4 years: Women who use tobacco,Meghalaya: women who use tobacco went 28.3% → 34.6% in 4 years. Assam went the other way: 22.2% → 16.5%.,before/after bars for 5 risers + 5 fallers; biggest faller Assam 22.2% → 16.5%,98,tobacco,Meghalaya; Assam,B-98
196,D Rivals,7.05,West Bengal vs Odisha: Women who use tobacco,West Bengal 11.2% vs Odisha 22.8%: women who use tobacco. Guess who wins.,"split screen, bars race up, Odisha wins; India avg 8.4%; end: 'Which state should we compare next?'",98,tobacco,West Bengal; Odisha,D-West Bengal-Odisha-98
197,D Rivals,7.02,Kerala vs Uttar Pradesh: Population aged 60+,Kerala 20.7% vs Uttar Pradesh 10.3%: population aged 60+. Guess who wins.,"split screen, bars race up, Kerala wins; India avg 12.9%; end: 'Which state should we compare next?'",3,people,Kerala; Uttar Pradesh,D-Kerala-Uttar Pradesh-3
198,D Rivals,7.01,Punjab vs Haryana: Men who use tobacco,Punjab 13.9% vs Haryana 27.5%: men who use tobacco. Guess who wins.,"split screen, bars race up, Haryana wins; India avg 36.3%; end: 'Which state should we compare next?'",99,tobacco,Punjab; Haryana,D-Punjab-Haryana-99
199,A Countdown,7,Top 10 states: Women sterilised,Which Indian state has the most women sterilised? #1 is 69.5%.,10→1 bar countdown; India avg 36.5%; reveal #1 Andhra Pradesh; flash last place Meghalaya 7.1%,23,family,Andhra Pradesh,A-23
200,A Countdown,7,Top 10 states: Men sterilised,Which Indian state has the most men sterilised? #1 is 3.6%.,10→1 bar countdown; India avg 0.5%; reveal #1 Telangana; flash last place Andaman & Nicobar 0.0%,24,family,Telangana,A-24
201,A Countdown,7,Top 10 states: C-sections in government hospitals,Which Indian state has the most c-sections in government hospitals? #1 is 48.6%.,10→1 bar countdown; India avg 16.9%; reveal #1 J&K; flash last place Bihar 2.7%,40,birth,Jammu and Kashmir,A-40
202,A Countdown,7,Top 10 states: Vaccinated at private clinics,Which Indian state has the most vaccinated at private clinics? #1 is 12.9%.,10→1 bar countdown; India avg 3.1%; reveal #1 Nagaland; flash last place DNH & Daman Diu 0.0%,56,vaccines,Nagaland,A-56
203,B Movers,7,Who changed most in 4 years: Couples using family planning,Mizoram: couples using family planning went 31.2% → 64.2% in 4 years. Delhi went the other way: 76.4% → 67.4%.,before/after bars for 5 risers + 5 fallers; biggest faller Delhi 76.4% → 67.4%,20,family,Mizoram; NCT of Delhi,B-20
204,B Movers,7,Who changed most in 4 years: Exclusively breastfed (<6 months),Kerala: exclusively breastfed (<6 months) went 55.5% → 72.7% in 4 years. Haryana went the other way: 69.5% → 41.2%.,before/after bars for 5 risers + 5 fallers; biggest faller Haryana 69.5% → 41.2%,62,breastfeeding,Kerala; Haryana,B-62
205,B Movers,7,Who changed most in 4 years: Women with own bank account,Nagaland: women with own bank account went 63.7% → 85.7% in 4 years. Tamil Nadu went the other way: 92.2% → 90.0%.,before/after bars for 5 risers + 5 fallers; biggest faller Tamil Nadu 92.2% → 90.0%,92,women,Nagaland; Tamil Nadu,B-92
206,C Outlier,7,Guess the state: India's lowest couples using family planning,Every state has couples using family planning above 59.3%. Except one: 42.1%. Guess it.,"quiz: 3 options, 3-second timer, reveal Meghalaya; India avg 69.1%",20,family,Meghalaya,C-20-bottom
207,D Rivals,7.0,West Bengal vs Odisha: Women married before 18,West Bengal 36.4% vs Odisha 18.6%: women married before 18. Guess who wins.,"split screen, bars race up, West Bengal wins; India avg 20.1%; end: 'Which state should we compare next?'",16,marriage,West Bengal; Odisha,D-West Bengal-Odisha-16
208,D Rivals,7.0,West Bengal vs Assam: C-section births,West Bengal 44.5% vs Assam 22.9%: c-section births. Guess who wins.,"split screen, bars race up, West Bengal wins; India avg 27.2%; end: 'Which state should we compare next?'",38,birth,West Bengal; Assam,D-West Bengal-Assam-38
209,F Village vs city,7.0,"Meghalaya: villages vs cities, Homes where a woman owns house/land","In Meghalaya, homes where a woman owns house/land is 72.1% in villages and 38.0% in cities.","map pin city vs village, two bars, then India's split",10,women,Meghalaya,F-Meghalaya-10
210,F Village vs city,7.0,"Chhattisgarh: villages vs cities, Women who have used the internet","In Chhattisgarh, women who have used the internet is 49.0% in villages and 74.4% in cities.","map pin city vs village, two bars, then India's split",14,digital,Chhattisgarh,F-Chhattisgarh-14
211,F Village vs city,7.0,"Gujarat: villages vs cities, Women who have used the internet","In Gujarat, women who have used the internet is 54.3% in villages and 81.3% in cities.","map pin city vs village, two bars, then India's split",14,digital,Gujarat,F-Gujarat-14
212,F Village vs city,7.0,"Karnataka: villages vs cities, Women who have used the internet","In Karnataka, women who have used the internet is 45.1% in villages and 74.1% in cities.","map pin city vs village, two bars, then India's split",14,digital,Karnataka,F-Karnataka-14
213,F Village vs city,7.0,"Maharashtra: villages vs cities, Women who have used the internet","In Maharashtra, women who have used the internet is 50.8% in villages and 78.1% in cities.","map pin city vs village, two bars, then India's split",14,digital,Maharashtra,F-Maharashtra-14
214,F Village vs city,7.0,"Rajasthan: villages vs cities, Men married before 21","In Rajasthan, men married before 21 is 35.5% in villages and 8.1% in cities.","map pin city vs village, two bars, then India's split",17,marriage,Rajasthan,F-Rajasthan-17
215,F Village vs city,7.0,"Assam: villages vs cities, C-section births","In Assam, c-section births is 20.7% in villages and 46.7% in cities.","map pin city vs village, two bars, then India's split",38,birth,Assam,F-Assam-38
216,F Village vs city,7.0,"Chhattisgarh: villages vs cities, C-section births","In Chhattisgarh, c-section births is 15.7% in villages and 41.8% in cities.","map pin city vs village, two bars, then India's split",38,birth,Chhattisgarh,F-Chhattisgarh-38
217,F Village vs city,7.0,"Tripura: villages vs cities, C-section births","In Tripura, c-section births is 25.5% in villages and 58.6% in cities.","map pin city vs village, two bars, then India's split",38,birth,Tripura,F-Tripura-38
218,F Village vs city,7.0,"Chhattisgarh: villages vs cities, Women with own mobile phone","In Chhattisgarh, women with own mobile phone is 41.5% in villages and 71.0% in cities.","map pin city vs village, two bars, then India's split",93,women,Chhattisgarh,F-Chhattisgarh-93
219,F Village vs city,7.0,"Gujarat: villages vs cities, Women with own mobile phone","In Gujarat, women with own mobile phone is 46.2% in villages and 76.0% in cities.","map pin city vs village, two bars, then India's split",93,women,Gujarat,F-Gujarat-93
220,F Village vs city,7.0,"Madhya Pradesh: villages vs cities, Women with own mobile phone","In Madhya Pradesh, women with own mobile phone is 40.6% in villages and 69.2% in cities.","map pin city vs village, two bars, then India's split",93,women,Madhya Pradesh,F-Madhya Pradesh-93
221,F Village vs city,7.0,"Maharashtra: villages vs cities, Women with own mobile phone","In Maharashtra, women with own mobile phone is 50.8% in villages and 80.0% in cities.","map pin city vs village, two bars, then India's split",93,women,Maharashtra,F-Maharashtra-93
222,G Paradox,7.0,"Chandigarh: #1 for men with 10+ years of school, #1 for overweight/obese men",Chandigarh is India's #1 for men with 10+ years of school… and #1 for overweight/obese men.,two rank ladders side by side; 88.4% vs 48.5%,13,education,Chandigarh,G-Chandigarh-13-77
223,G Paradox,7.0,"Chandigarh: #1 for clean drinking water, #1 for overweight/obese men",Chandigarh is India's #1 for clean drinking water… and #1 for overweight/obese men.,two rank ladders side by side; 99.9% vs 48.5%,5,home,Chandigarh,G-Chandigarh-5-77
224,G Paradox,7.0,"Puducherry: #1 for babies born in hospitals, #1 for overweight/obese women",Puducherry is India's #1 for babies born in hospitals… and #1 for overweight/obese women.,two rank ladders side by side; 99.8% vs 51.3%,35,birth,Puducherry,G-Puducherry-35-76
225,H Got worse,7,India got worse: Exclusively breastfed (<6 months),"In 4 years, exclusively breastfed (<6 months) went from 63.7% to 55.8% across India. 17 states got worse.","national line up/down, then the worst 5 states light up on a map",62,breastfeeding,,H-62
226,I Report card,7.0,J&K: 5 records nobody talks about,J&K ranks last in India for women paid in cash for work. That's not even the strangest one.,5 rapid cards: last women paid in cash for work; #1 c-sections in private hospitals; last homes where a woman owns house/land; #1 homes with health insurance; #1 c-sections in government hospitals,91,women,Jammu and Kashmir,I-Jammu and Kashmir
227,I Report card,7.0,DNH & Daman Diu: 5 records nobody talks about,DNH & Daman Diu ranks last in India for overweight children. That's not even the strangest one.,5 rapid cards: last overweight children; #1 underweight children; #1 stunted children; last population aged 60+; last men: severe high bp,73,child nutrition,Dadra & Nagar Haveli and Daman & Diu,I-Dadra & Nagar Haveli and Daman & Diu
228,I Report card,7.0,Ladakh: 5 records nobody talks about,Ladakh ranks last in India for wives facing spousal violence. That's not even the strangest one.,5 rapid cards: last wives facing spousal violence; last women with high sugar (diabetes risk); last violence during pregnancy; #1 women with own bank account; last women: severe high bp,95,violence,Ladakh,I-Ladakh
229,K South league,7.0,South India: Vaccinated at private clinics,"South India ranked on vaccinated at private clinics. Karnataka 8.6%, Telangana only 2.6%.",6 southern states race; Tamil Nadu highlighted; end 'Where's your state?',56,vaccines,Karnataka; Tamil Nadu; Puducherry; Kerala; Andhra Pradesh; Telangana,K-56
230,D Rivals,6.99,Madhya Pradesh vs Chhattisgarh: Women married before 18,Madhya Pradesh 20.0% vs Chhattisgarh 10.1%: women married before 18. Guess who wins.,"split screen, bars race up, Madhya Pradesh wins; India avg 20.1%; end: 'Which state should we compare next?'",16,marriage,Madhya Pradesh; Chhattisgarh,D-Madhya Pradesh-Chhattisgarh-16
231,D Rivals,6.98,Rajasthan vs Gujarat: Men who drink alcohol,Rajasthan 10.7% vs Gujarat 5.2%: men who drink alcohol. Guess who wins.,"split screen, bars race up, Rajasthan wins; India avg 18.9%; end: 'Which state should we compare next?'",101,alcohol,Rajasthan; Gujarat,D-Rajasthan-Gujarat-101
232,D Rivals,6.98,Kerala vs Uttar Pradesh: Underweight children,Kerala 17.8% vs Uttar Pradesh 34.5%: underweight children. Guess who wins.,"split screen, bars race up, Uttar Pradesh wins; India avg 31.8%; end: 'Which state should we compare next?'",72,child nutrition,Kerala; Uttar Pradesh,D-Kerala-Uttar Pradesh-72
233,D Rivals,6.97,Maharashtra vs Karnataka: Babies (6-23m) with an adequate diet,Maharashtra 9.3% vs Karnataka 18.3%: babies (6-23m) with an adequate diet. Guess who wins.,"split screen, bars race up, Karnataka wins; India avg 15.3%; end: 'Which state should we compare next?'",68,child diet,Maharashtra; Karnataka,D-Maharashtra-Karnataka-68
234,D Rivals,6.96,Uttar Pradesh vs Rajasthan: Babies (6-23m) with an adequate diet,Uttar Pradesh 17.1% vs Rajasthan 8.7%: babies (6-23m) with an adequate diet. Guess who wins.,"split screen, bars race up, Uttar Pradesh wins; India avg 15.3%; end: 'Which state should we compare next?'",68,child diet,Uttar Pradesh; Rajasthan,D-Uttar Pradesh-Rajasthan-68
235,D Rivals,6.94,Andhra Pradesh vs Telangana: Men who drink alcohol,Andhra Pradesh 23.3% vs Telangana 43.9%: men who drink alcohol. Guess who wins.,"split screen, bars race up, Telangana wins; India avg 18.9%; end: 'Which state should we compare next?'",101,alcohol,Andhra Pradesh; Telangana,D-Andhra Pradesh-Telangana-101
236,F Village vs city,6.94,"Tripura: villages vs cities, Women who have used the internet","In Tripura, women who have used the internet is 43.7% in villages and 68.1% in cities.","map pin city vs village, two bars, then India's split",14,digital,Tripura,F-Tripura-14
237,D Rivals,6.93,West Bengal vs Odisha: Babies (6-23m) with an adequate diet,West Bengal 28.3% vs Odisha 14.9%: babies (6-23m) with an adequate diet. Guess who wins.,"split screen, bars race up, West Bengal wins; India avg 15.3%; end: 'Which state should we compare next?'",68,child diet,West Bengal; Odisha,D-West Bengal-Odisha-68
238,A Countdown,6.92,Top 10 states: Violence during pregnancy,Which Indian state has the most violence during pregnancy? #1 is 5.4%.,10→1 bar countdown; India avg 2.7%; reveal #1 Bihar; flash last place Ladakh 0.0%,96,violence,Bihar,A-96
239,F Village vs city,6.92,"Karnataka: villages vs cities, Women with own mobile phone","In Karnataka, women with own mobile phone is 61.7% in villages and 85.9% in cities.","map pin city vs village, two bars, then India's split",93,women,Karnataka,F-Karnataka-93
240,B Movers,6.9,Who changed most in 4 years: Stunted children,Andaman & Nicobar: stunted children went 22.5% → 26.7% in 4 years. West Bengal went the other way: 33.8% → 22.4%.,before/after bars for 5 risers + 5 fallers; biggest faller West Bengal 33.8% → 22.4%,69,child nutrition,Andaman and Nicobar Islands; West Bengal,B-69
241,A Countdown,6.89,Top 10 states: Women: very high blood sugar,Which Indian state has the most women: very high blood sugar? #1 is 16.7%.,10→1 bar countdown; India avg 9.1%; reveal #1 Kerala; flash last place Ladakh 2.1%,79,sugar,Kerala,A-79
242,D Rivals,6.89,Rajasthan vs Gujarat: C-section births,Rajasthan 15.6% vs Gujarat 29.0%: c-section births. Guess who wins.,"split screen, bars race up, Gujarat wins; India avg 27.2%; end: 'Which state should we compare next?'",38,birth,Rajasthan; Gujarat,D-Rajasthan-Gujarat-38
243,D Rivals,6.89,Kerala vs Uttar Pradesh: Women with high sugar (diabetes risk),Kerala 28.9% vs Uttar Pradesh 15.5%: women with high sugar (diabetes risk). Guess who wins.,"split screen, bars race up, Kerala wins; India avg 17.8%; end: 'Which state should we compare next?'",80,sugar,Kerala; Uttar Pradesh,D-Kerala-Uttar Pradesh-80
244,D Rivals,6.89,Sikkim vs Arunachal Pradesh: Women married before 18,Sikkim 9.1% vs Arunachal Pradesh 17.3%: women married before 18. Guess who wins.,"split screen, bars race up, Arunachal Pradesh wins; India avg 20.1%; end: 'Which state should we compare next?'",16,marriage,Sikkim; Arunachal Pradesh,D-Sikkim-Arunachal Pradesh-16
245,F Village vs city,6.87,"Puducherry: villages vs cities, C-section births","In Puducherry, c-section births is 48.2% in villages and 39.5% in cities. Villages win.","map pin city vs village, two bars, then India's split",38,birth,Puducherry,F-Puducherry-38
246,D Rivals,6.86,Punjab vs Haryana: C-section births,Punjab 46.6% vs Haryana 25.6%: c-section births. Guess who wins.,"split screen, bars race up, Punjab wins; India avg 27.2%; end: 'Which state should we compare next?'",38,birth,Punjab; Haryana,D-Punjab-Haryana-38
247,D Rivals,6.85,Assam vs Meghalaya: Women married before 18,Assam 25.3% vs Meghalaya 13.8%: women married before 18. Guess who wins.,"split screen, bars race up, Assam wins; India avg 20.1%; end: 'Which state should we compare next?'",16,marriage,Assam; Meghalaya,D-Assam-Meghalaya-16
248,A Countdown,6.84,Top 10 states: Underweight children,Which Indian state has the most underweight children? #1 is 41.3%.,10→1 bar countdown; India avg 31.8%; reveal #1 DNH & Daman Diu; flash last place Sikkim 11.2%,72,child nutrition,Dadra & Nagar Haveli and Daman & Diu,A-72
249,E Gender,6.84,"West Bengal: women vs men, overweight/obese","In West Bengal, women beat men on overweight/obese: 34.6% women vs 24.5% men.","two-person icon array filling up, then India's gap for contrast",76,body,West Bengal,E-West Bengal-76
250,A Countdown,6.83,Top 10 states: Kids with diarrhoea,Which Indian state has the most kids with diarrhoea? #1 is 13.0%.,10→1 bar countdown; India avg 7.9%; reveal #1 Uttar Pradesh; flash last place Ladakh 0.4%,57,child health,Uttar Pradesh,A-57
251,D Rivals,6.82,West Bengal vs Assam: Women with high sugar (diabetes risk),West Bengal 22.7% vs Assam 12.5%: women with high sugar (diabetes risk). Guess who wins.,"split screen, bars race up, West Bengal wins; India avg 17.8%; end: 'Which state should we compare next?'",80,sugar,West Bengal; Assam,D-West Bengal-Assam-80
252,D Rivals,6.8,Uttar Pradesh vs Rajasthan: Women married before 18,Uttar Pradesh 13.7% vs Rajasthan 24.6%: women married before 18. Guess who wins.,"split screen, bars race up, Rajasthan wins; India avg 20.1%; end: 'Which state should we compare next?'",16,marriage,Uttar Pradesh; Rajasthan,D-Uttar Pradesh-Rajasthan-16
253,E Gender,6.8,"J&K: women vs men, overweight/obese","In J&K, women beat men on overweight/obese: 36.7% women vs 27.1% men.","two-person icon array filling up, then India's gap for contrast",76,body,Jammu and Kashmir,E-Jammu and Kashmir-76
254,G Paradox,6.8,"Himachal Pradesh: #3 for babies (6-23m) with an adequate diet, #2 for men: severe high bp",Himachal Pradesh is India's #3 for babies (6-23m) with an adequate diet… and #2 for men: severe high bp.,two rank ladders side by side; 27.8% vs 5.8%,68,child diet,Himachal Pradesh,G-Himachal Pradesh-68-88
255,D Rivals,6.79,Uttar Pradesh vs Bihar: Homes with health insurance,Uttar Pradesh 37.2% vs Bihar 21.1%: homes with health insurance. Guess who wins.,"split screen, bars race up, Uttar Pradesh wins; India avg 60.2%; end: 'Which state should we compare next?'",7,home,Uttar Pradesh; Bihar,D-Uttar Pradesh-Bihar-7
256,D Rivals,6.79,West Bengal vs Assam: Overweight/obese women,West Bengal 34.6% vs Assam 19.6%: overweight/obese women. Guess who wins.,"split screen, bars race up, West Bengal wins; India avg 30.7%; end: 'Which state should we compare next?'",76,body,West Bengal; Assam,D-West Bengal-Assam-76
257,F Village vs city,6.79,"Madhya Pradesh: villages vs cities, C-section births","In Madhya Pradesh, c-section births is 11.0% in villages and 33.9% in cities.","map pin city vs village, two bars, then India's split",38,birth,Madhya Pradesh,F-Madhya Pradesh-38
258,D Rivals,6.78,Madhya Pradesh vs Chhattisgarh: Men married before 21,Madhya Pradesh 25.0% vs Chhattisgarh 14.1%: men married before 21. Guess who wins.,"split screen, bars race up, Madhya Pradesh wins; India avg 15.9%; end: 'Which state should we compare next?'",17,marriage,Madhya Pradesh; Chhattisgarh,D-Madhya Pradesh-Chhattisgarh-17
259,D Rivals,6.78,Kerala vs Uttar Pradesh: Overweight/obese women,Kerala 46.7% vs Uttar Pradesh 26.7%: overweight/obese women. Guess who wins.,"split screen, bars race up, Kerala wins; India avg 30.7%; end: 'Which state should we compare next?'",76,body,Kerala; Uttar Pradesh,D-Kerala-Uttar Pradesh-76
260,D Rivals,6.78,Sikkim vs Arunachal Pradesh: Men married before 21,Sikkim 6.2% vs Arunachal Pradesh 11.4%: men married before 21. Guess who wins.,"split screen, bars race up, Arunachal Pradesh wins; India avg 15.9%; end: 'Which state should we compare next?'",17,marriage,Sikkim; Arunachal Pradesh,D-Sikkim-Arunachal Pradesh-17
261,B Movers,6.75,Who changed most in 4 years: Babies born in hospitals,Nagaland: babies born in hospitals went 45.7% → 62.2% in 4 years. Chandigarh went the other way: 96.9% → 95.8%.,before/after bars for 5 risers + 5 fallers; biggest faller Chandigarh 96.9% → 95.8%,35,birth,Nagaland; Chandigarh,B-35
262,E Gender,6.75,"Uttarakhand: women vs men, overweight/obese","In Uttarakhand, women beat men on overweight/obese: 34.3% women vs 26.5% men.","two-person icon array filling up, then India's gap for contrast",76,body,Uttarakhand,E-Uttarakhand-76
263,F Village vs city,6.75,"Rajasthan: villages vs cities, Women who have used the internet","In Rajasthan, women who have used the internet is 60.7% in villages and 83.2% in cities.","map pin city vs village, two bars, then India's split",14,digital,Rajasthan,F-Rajasthan-14
264,D Rivals,6.74,Himachal Pradesh vs Uttarakhand: Men with high blood pressure,Himachal Pradesh 31.7% vs Uttarakhand 18.3%: men with high blood pressure. Guess who wins.,"split screen, bars race up, Himachal Pradesh wins; India avg 22.1%; end: 'Which state should we compare next?'",89,bp,Himachal Pradesh; Uttarakhand,D-Himachal Pradesh-Uttarakhand-89
265,B Movers,6.73,Who changed most in 4 years: Teen girls (15-19) already mothers,Jharkhand: teen girls (15-19) already mothers went 9.8% → 11.7% in 4 years. Assam went the other way: 11.7% → 7.3%.,before/after bars for 5 risers + 5 fallers; biggest faller Assam 11.7% → 7.3%,19,marriage,Jharkhand; Assam,B-19
266,D Rivals,6.73,Assam vs Meghalaya: Women paid in cash for work,Assam 25.6% vs Meghalaya 43.9%: women paid in cash for work. Guess who wins.,"split screen, bars race up, Meghalaya wins; India avg 30.8%; end: 'Which state should we compare next?'",91,women,Assam; Meghalaya,D-Assam-Meghalaya-91
267,E Gender,6.73,"Chhattisgarh: women vs men, overweight/obese","In Chhattisgarh, women beat men on overweight/obese: 20.3% women vs 16.1% men.","two-person icon array filling up, then India's gap for contrast",76,body,Chhattisgarh,E-Chhattisgarh-76
268,E Gender,6.73,"Kerala: women vs men, overweight/obese","In Kerala, women beat men on overweight/obese: 46.7% women vs 37.0% men.","two-person icon array filling up, then India's gap for contrast",76,body,Kerala,E-Kerala-76
269,E Gender,6.73,"Madhya Pradesh: women vs men, overweight/obese","In Madhya Pradesh, women beat men on overweight/obese: 22.2% women vs 17.6% men.","two-person icon array filling up, then India's gap for contrast",76,body,Madhya Pradesh,E-Madhya Pradesh-76
270,A Countdown,6.72,Top 10 states: Men: very high blood sugar,Which Indian state has the most men: very high blood sugar? #1 is 18.9%.,10→1 bar countdown; India avg 10.9%; reveal #1 Kerala; flash last place Ladakh 2.7%,82,sugar,Kerala,A-82
271,B Movers,6.72,Who changed most in 4 years: C-sections in government hospitals,Sikkim: c-sections in government hospitals went 30.4% → 46.7% in 4 years. Ladakh went the other way: 39.3% → 27.0%.,before/after bars for 5 risers + 5 fallers; biggest faller Ladakh 39.3% → 27.0%,40,birth,Sikkim; Ladakh,B-40
272,D Rivals,6.72,West Bengal vs Assam: Babies (6-23m) with an adequate diet,West Bengal 28.3% vs Assam 16.4%: babies (6-23m) with an adequate diet. Guess who wins.,"split screen, bars race up, West Bengal wins; India avg 15.3%; end: 'Which state should we compare next?'",68,child diet,West Bengal; Assam,D-West Bengal-Assam-68
273,D Rivals,6.72,Uttar Pradesh vs Rajasthan: Men who drink alcohol,Uttar Pradesh 18.7% vs Rajasthan 10.7%: men who drink alcohol. Guess who wins.,"split screen, bars race up, Uttar Pradesh wins; India avg 18.9%; end: 'Which state should we compare next?'",101,alcohol,Uttar Pradesh; Rajasthan,D-Uttar Pradesh-Rajasthan-101
274,D Rivals,6.72,Kerala vs Uttar Pradesh: Women paid in cash for work,Kerala 36.2% vs Uttar Pradesh 21.1%: women paid in cash for work. Guess who wins.,"split screen, bars race up, Kerala wins; India avg 30.8%; end: 'Which state should we compare next?'",91,women,Kerala; Uttar Pradesh,D-Kerala-Uttar Pradesh-91
275,F Village vs city,6.72,"Madhya Pradesh: villages vs cities, Women who have used the internet","In Madhya Pradesh, women who have used the internet is 55.9% in villages and 78.1% in cities.","map pin city vs village, two bars, then India's split",14,digital,Madhya Pradesh,F-Madhya Pradesh-14
276,D Rivals,6.71,West Bengal vs Assam: Men with high sugar (diabetes risk),West Bengal 26.8% vs Assam 15.6%: men with high sugar (diabetes risk). Guess who wins.,"split screen, bars race up, West Bengal wins; India avg 20.9%; end: 'Which state should we compare next?'",83,sugar,West Bengal; Assam,D-West Bengal-Assam-83
277,D Rivals,6.71,Kerala vs Uttar Pradesh: Homes where a woman owns house/land,Kerala 34.3% vs Uttar Pradesh 20.1%: homes where a woman owns house/land. Guess who wins.,"split screen, bars race up, Kerala wins; India avg 18.8%; end: 'Which state should we compare next?'",10,women,Kerala; Uttar Pradesh,D-Kerala-Uttar Pradesh-10
278,F Village vs city,6.71,"Meghalaya: villages vs cities, Women who have used the internet","In Meghalaya, women who have used the internet is 54.6% in villages and 76.7% in cities.","map pin city vs village, two bars, then India's split",14,digital,Meghalaya,F-Meghalaya-14
279,D Rivals,6.7,Assam vs Meghalaya: Women with high sugar (diabetes risk),Assam 12.5% vs Meghalaya 7.1%: women with high sugar (diabetes risk). Guess who wins.,"split screen, bars race up, Assam wins; India avg 17.8%; end: 'Which state should we compare next?'",80,sugar,Assam; Meghalaya,D-Assam-Meghalaya-80
280,D Rivals,6.7,Kerala vs Uttar Pradesh: Overweight/obese men,Kerala 37.0% vs Uttar Pradesh 21.8%: overweight/obese men. Guess who wins.,"split screen, bars race up, Kerala wins; India avg 27.3%; end: 'Which state should we compare next?'",77,body,Kerala; Uttar Pradesh,D-Kerala-Uttar Pradesh-77
281,D Rivals,6.7,Delhi vs Maharashtra: Women married before 18,Delhi 11.4% vs Maharashtra 19.7%: women married before 18. Guess who wins.,"split screen, bars race up, Maharashtra wins; India avg 20.1%; end: 'Which state should we compare next?'",16,marriage,NCT of Delhi; Maharashtra,D-NCT of Delhi-Maharashtra-16
282,E Gender,6.7,"Delhi: women vs men, overweight/obese","In Delhi, women beat men on overweight/obese: 42.7% women vs 34.8% men.","two-person icon array filling up, then India's gap for contrast",76,body,NCT of Delhi,E-NCT of Delhi-76
283,E Gender,6.7,"Uttar Pradesh: women vs men, overweight/obese","In Uttar Pradesh, women beat men on overweight/obese: 26.7% women vs 21.8% men.","two-person icon array filling up, then India's gap for contrast",76,body,Uttar Pradesh,E-Uttar Pradesh-76
284,A Countdown,6.69,Top 10 states: Men who have used the internet,Which Indian state has the most men who have used the internet? #1 is 94.9%.,10→1 bar countdown; India avg 80.5%; reveal #1 Kerala; flash last place West Bengal 66.8%,15,digital,Kerala,A-15
285,E Gender,6.69,"Himachal Pradesh: women vs men, overweight/obese","In Himachal Pradesh, women beat men on overweight/obese: 38.2% women vs 31.4% men.","two-person icon array filling up, then India's gap for contrast",76,body,Himachal Pradesh,E-Himachal Pradesh-76
286,A Countdown,6.68,Top 10 states: Kids (2-4) in pre-school,Which Indian state has the most kids (2-4) in pre-school? #1 is 79.4%.,10→1 bar countdown; India avg 47.0%; reveal #1 Sikkim; flash last place Nagaland 15.1%,11,education,Sikkim,A-11
287,B Movers,6.68,Who changed most in 4 years: Women sterilised,Mizoram: women sterilised went 13.0% → 29.1% in 4 years. Goa went the other way: 29.9% → 23.4%.,before/after bars for 5 risers + 5 fallers; biggest faller Goa 29.9% → 23.4%,23,family,Mizoram; Goa,B-23
288,E Gender,6.68,"J&K: women vs men, high blood pressure","In J&K, women beat men on high blood pressure: 25.0% women vs 20.9% men.","two-person icon array filling up, then India's gap for contrast",86,bp,Jammu and Kashmir,E-Jammu and Kashmir-86
289,F Village vs city,6.68,"J&K: villages vs cities, C-section births","In J&K, c-section births is 47.1% in villages and 68.9% in cities.","map pin city vs village, two bars, then India's split",38,birth,Jammu and Kashmir,F-Jammu and Kashmir-38
290,D Rivals,6.67,Punjab vs Haryana: Men married before 21,Punjab 7.7% vs Haryana 13.3%: men married before 21. Guess who wins.,"split screen, bars race up, Haryana wins; India avg 15.9%; end: 'Which state should we compare next?'",17,marriage,Punjab; Haryana,D-Punjab-Haryana-17
291,E Gender,6.67,"Punjab: women vs men, overweight/obese","In Punjab, women beat men on overweight/obese: 44.7% women vs 37.5% men.","two-person icon array filling up, then India's gap for contrast",76,body,Punjab,E-Punjab-76
292,D Rivals,6.66,Maharashtra vs Karnataka: Homes with health insurance,Maharashtra 38.3% vs Karnataka 63.3%: homes with health insurance. Guess who wins.,"split screen, bars race up, Karnataka wins; India avg 60.2%; end: 'Which state should we compare next?'",7,home,Maharashtra; Karnataka,D-Maharashtra-Karnataka-7
293,D Rivals,6.66,Bihar vs Jharkhand: Women paid in cash for work,Bihar 16.5% vs Jharkhand 27.7%: women paid in cash for work. Guess who wins.,"split screen, bars race up, Jharkhand wins; India avg 30.8%; end: 'Which state should we compare next?'",91,women,Bihar; Jharkhand,D-Bihar-Jharkhand-91
294,D Rivals,6.65,West Bengal vs Odisha: Men who drink alcohol,West Bengal 16.0% vs Odisha 26.8%: men who drink alcohol. Guess who wins.,"split screen, bars race up, Odisha wins; India avg 18.9%; end: 'Which state should we compare next?'",101,alcohol,West Bengal; Odisha,D-West Bengal-Odisha-101
295,D Rivals,6.64,Goa vs Kerala: C-sections in private hospitals,Goa 69.7% vs Kerala 42.5%: c-sections in private hospitals. Guess who wins.,"split screen, bars race up, Goa wins; India avg 54.1%; end: 'Which state should we compare next?'",39,birth,Goa; Kerala,D-Goa-Kerala-39
296,D Rivals,6.64,Kerala vs Goa: C-sections in private hospitals,Kerala 42.5% vs Goa 69.7%: c-sections in private hospitals. Guess who wins.,"split screen, bars race up, Goa wins; India avg 54.1%; end: 'Which state should we compare next?'",39,birth,Kerala; Goa,D-Kerala-Goa-39
297,E Gender,6.64,"Andhra Pradesh: women vs men, overweight/obese","In Andhra Pradesh, women beat men on overweight/obese: 47.9% women vs 41.5% men.","two-person icon array filling up, then India's gap for contrast",76,body,Andhra Pradesh,E-Andhra Pradesh-76
298,F Village vs city,6.64,"Telangana: villages vs cities, Women who have used the internet","In Telangana, women who have used the internet is 58.9% in villages and 80.3% in cities.","map pin city vs village, two bars, then India's split",14,digital,Telangana,F-Telangana-14
299,F Village vs city,6.64,"Rajasthan: villages vs cities, C-section births","In Rajasthan, c-section births is 11.4% in villages and 32.8% in cities.","map pin city vs village, two bars, then India's split",38,birth,Rajasthan,F-Rajasthan-38
300,D Rivals,6.63,Himachal Pradesh vs Uttarakhand: Women with high blood pressure,Himachal Pradesh 24.1% vs Uttarakhand 14.5%: women with high blood pressure. Guess who wins.,"split screen, bars race up, Himachal Pradesh wins; India avg 19.4%; end: 'Which state should we compare next?'",86,bp,Himachal Pradesh; Uttarakhand,D-Himachal Pradesh-Uttarakhand-86
301,E Gender,6.63,"Tamil Nadu: women vs men, overweight/obese","In Tamil Nadu, women beat men on overweight/obese: 44.2% women vs 38.8% men.","two-person icon array filling up, then India's gap for contrast",76,body,Tamil Nadu,E-Tamil Nadu-76
302,E Gender,6.63,"Tripura: women vs men, overweight/obese","In Tripura, women beat men on overweight/obese: 26.2% women vs 23.0% men.","two-person icon array filling up, then India's gap for contrast",76,body,Tripura,E-Tripura-76
303,E Gender,6.63,"J&K: women vs men, high blood sugar","In J&K, women beat men on high blood sugar: 13.0% women vs 11.3% men.","two-person icon array filling up, then India's gap for contrast",80,sugar,Jammu and Kashmir,E-Jammu and Kashmir-80
304,F Village vs city,6.63,"DNH & Daman Diu: villages vs cities, C-sections in private hospitals","In DNH & Daman Diu, c-sections in private hospitals is 47.8% in villages and 41.5% in cities. Villages win.","map pin city vs village, two bars, then India's split",39,birth,Dadra & Nagar Haveli and Daman & Diu,F-Dadra & Nagar Haveli and Daman & Diu-39
305,B Movers,6.62,Who changed most in 4 years: Women who drink alcohol,Sikkim: women who drink alcohol went 16.2% → 19.9% in 4 years. Goa went the other way: 5.5% → 2.1%.,before/after bars for 5 risers + 5 fallers; biggest faller Goa 5.5% → 2.1%,100,alcohol,Sikkim; Goa,B-100
306,E Gender,6.62,"Karnataka: women vs men, overweight/obese","In Karnataka, women beat men on overweight/obese: 41.2% women vs 36.4% men.","two-person icon array filling up, then India's gap for contrast",76,body,Karnataka,E-Karnataka-76
307,D Rivals,6.61,Kerala vs Uttar Pradesh: Men with high sugar (diabetes risk),Kerala 31.9% vs Uttar Pradesh 19.5%: men with high sugar (diabetes risk). Guess who wins.,"split screen, bars race up, Kerala wins; India avg 20.9%; end: 'Which state should we compare next?'",83,sugar,Kerala; Uttar Pradesh,D-Kerala-Uttar Pradesh-83
308,E Gender,6.61,"Sikkim: women vs men, 10+ years of school","In Sikkim, women beat men on 10+ years of school: 58.4% women vs 52.4% men.","two-person icon array filling up, then India's gap for contrast",12,education,Sikkim,E-Sikkim-12
309,E Gender,6.61,"Sikkim: women vs men, overweight/obese","In Sikkim, women beat men on overweight/obese: 47.5% women vs 42.6% men.","two-person icon array filling up, then India's gap for contrast",76,body,Sikkim,E-Sikkim-76
310,F Village vs city,6.61,"Jharkhand: villages vs cities, Women married before 18","In Jharkhand, women married before 18 is 32.2% in villages and 11.1% in cities.","map pin city vs village, two bars, then India's split",16,marriage,Jharkhand,F-Jharkhand-16
311,F Village vs city,6.61,"Gujarat: villages vs cities, Overweight/obese women","In Gujarat, overweight/obese women is 23.2% in villages and 44.3% in cities.","map pin city vs village, two bars, then India's split",76,body,Gujarat,F-Gujarat-76
312,A Countdown,6.6,Top 10 states: Underweight men,Which Indian state has the most underweight men? #1 is 28.3%.,10→1 bar countdown; India avg 19.7%; reveal #1 Madhya Pradesh; flash last place Andaman & Nicobar 1.4%,75,body,Madhya Pradesh,A-75
313,D Rivals,6.6,Sikkim vs Arunachal Pradesh: Overweight/obese women,Sikkim 47.5% vs Arunachal Pradesh 29.3%: overweight/obese women. Guess who wins.,"split screen, bars race up, Sikkim wins; India avg 30.7%; end: 'Which state should we compare next?'",76,body,Sikkim; Arunachal Pradesh,D-Sikkim-Arunachal Pradesh-76
314,F Village vs city,6.6,"Puducherry: villages vs cities, Men who have used the internet","In Puducherry, men who have used the internet is 84.5% in villages and 78.5% in cities. Villages win.","map pin city vs village, two bars, then India's split",15,digital,Puducherry,F-Puducherry-15
315,G Paradox,6.6,"Chhattisgarh: #1 for exclusively breastfed (<6 months), #2 for underweight men",Chhattisgarh is India's #1 for exclusively breastfed (<6 months)… and #2 for underweight men.,two rank ladders side by side; 75.8% vs 26.4%,62,breastfeeding,Chhattisgarh,G-Chhattisgarh-62-75
316,G Paradox,6.6,"Nagaland: #1 for wives in household decisions, #2 for women: severe high bp",Nagaland is India's #1 for wives in household decisions… and #2 for women: severe high bp.,two rank ladders side by side; 98.9% vs 8.0%,90,women,Nagaland,G-Nagaland-90-85
317,G Paradox,6.6,"Puducherry: #2 for exclusively breastfed (<6 months), #1 for overweight/obese women",Puducherry is India's #2 for exclusively breastfed (<6 months)… and #1 for overweight/obese women.,two rank ladders side by side; 73.1% vs 51.3%,62,breastfeeding,Puducherry,G-Puducherry-62-76
318,G Paradox,6.6,"Puducherry: #2 for women with 10+ years of school, #1 for overweight/obese women",Puducherry is India's #2 for women with 10+ years of school… and #1 for overweight/obese women.,two rank ladders side by side; 75.1% vs 51.3%,12,education,Puducherry,G-Puducherry-12-76
319,I Report card,6.6,Andaman & Nicobar: 5 records nobody talks about,Andaman & Nicobar ranks last in India for children per woman (fertility rate). That's not even the strangest one.,5 rapid cards: last children per woman (fertility rate); last homes with health insurance; #1 men: severe high bp; last underweight men; last underweight women,18,people,Andaman and Nicobar Islands,I-Andaman and Nicobar Islands
320,C Outlier,6.59,Guess the state: India's highest men sterilised,One state is way off the chart on men sterilised: 3.6%. Next closest: 2.3%. Guess it.,"quiz: 3 options, 3-second timer, reveal Telangana; India avg 0.5%",24,family,Telangana,C-24-top
321,E Gender,6.59,"Haryana: women vs men, overweight/obese","In Haryana, women beat men on overweight/obese: 37.3% women vs 33.9% men.","two-person icon array filling up, then India's gap for contrast",76,body,Haryana,E-Haryana-76
322,F Village vs city,6.58,"Odisha: villages vs cities, Homes with health insurance","In Odisha, homes with health insurance is 86.0% in villages and 65.2% in cities.","map pin city vs village, two bars, then India's split",7,home,Odisha,F-Odisha-7
323,E Gender,6.57,"Gujarat: women vs men, overweight/obese","In Gujarat, women beat men on overweight/obese: 32.1% women vs 29.9% men.","two-person icon array filling up, then India's gap for contrast",76,body,Gujarat,E-Gujarat-76
324,F Village vs city,6.57,"Mizoram: villages vs cities, Women who have used the internet","In Mizoram, women who have used the internet is 72.1% in villages and 92.8% in cities.","map pin city vs village, two bars, then India's split",14,digital,Mizoram,F-Mizoram-14
325,D Rivals,6.56,Goa vs Kerala: Homes where a woman owns house/land,Goa 21.4% vs Kerala 34.3%: homes where a woman owns house/land. Guess who wins.,"split screen, bars race up, Kerala wins; India avg 18.8%; end: 'Which state should we compare next?'",10,women,Goa; Kerala,D-Goa-Kerala-10
326,D Rivals,6.56,Kerala vs Goa: Homes where a woman owns house/land,Kerala 34.3% vs Goa 21.4%: homes where a woman owns house/land. Guess who wins.,"split screen, bars race up, Kerala wins; India avg 18.8%; end: 'Which state should we compare next?'",10,women,Kerala; Goa,D-Kerala-Goa-10
327,D Rivals,6.56,Kerala vs Uttar Pradesh: Wives facing spousal violence,Kerala 17.7% vs Uttar Pradesh 28.5%: wives facing spousal violence. Guess who wins.,"split screen, bars race up, Uttar Pradesh wins; India avg 22.3%; end: 'Which state should we compare next?'",95,violence,Kerala; Uttar Pradesh,D-Kerala-Uttar Pradesh-95
328,D Rivals,6.56,Sikkim vs Arunachal Pradesh: Underweight children,Sikkim 11.2% vs Arunachal Pradesh 18.2%: underweight children. Guess who wins.,"split screen, bars race up, Arunachal Pradesh wins; India avg 31.8%; end: 'Which state should we compare next?'",72,child nutrition,Sikkim; Arunachal Pradesh,D-Sikkim-Arunachal Pradesh-72
329,E Gender,6.56,"Odisha: women vs men, overweight/obese","In Odisha, women beat men on overweight/obese: 29.7% women vs 27.8% men.","two-person icon array filling up, then India's gap for contrast",76,body,Odisha,E-Odisha-76
330,F Village vs city,6.56,"Jharkhand: villages vs cities, Overweight/obese women","In Jharkhand, overweight/obese women is 12.4% in villages and 33.0% in cities.","map pin city vs village, two bars, then India's split",76,body,Jharkhand,F-Jharkhand-76
331,C Outlier,6.55,Guess the state: India's highest sexual violence before 18,One state is way off the chart on sexual violence before 18: 2.1%. Next closest: 1.3%. Guess it.,"quiz: 3 options, 3-second timer, reveal Bihar; India avg 0.7%",97,violence,Bihar,C-97-top
332,D Rivals,6.55,Delhi vs Haryana: Men married before 21,Delhi 8.1% vs Haryana 13.3%: men married before 21. Guess who wins.,"split screen, bars race up, Haryana wins; India avg 15.9%; end: 'Which state should we compare next?'",17,marriage,NCT of Delhi; Haryana,D-NCT of Delhi-Haryana-17
333,D Rivals,6.55,Kerala vs Uttar Pradesh: Women with own mobile phone,Kerala 89.1% vs Uttar Pradesh 56.4%: women with own mobile phone. Guess who wins.,"split screen, bars race up, Kerala wins; India avg 63.6%; end: 'Which state should we compare next?'",93,women,Kerala; Uttar Pradesh,D-Kerala-Uttar Pradesh-93
334,E Gender,6.55,"Kerala: women vs men, 10+ years of school","In Kerala, women beat men on 10+ years of school: 86.6% women vs 82.1% men.","two-person icon array filling up, then India's gap for contrast",12,education,Kerala,E-Kerala-12
335,E Gender,6.55,"Rajasthan: women vs men, overweight/obese","In Rajasthan, women beat men on overweight/obese: 20.3% women vs 19.3% men.","two-person icon array filling up, then India's gap for contrast",76,body,Rajasthan,E-Rajasthan-76
336,E Gender,6.55,"Mizoram: women vs men, high blood sugar","In Mizoram, women beat men on high blood sugar: 14.5% women vs 13.7% men.","two-person icon array filling up, then India's gap for contrast",80,sugar,Mizoram,E-Mizoram-80
337,D Rivals,6.54,Punjab vs Haryana: C-sections in private hospitals,Punjab 63.3% vs Haryana 40.2%: c-sections in private hospitals. Guess who wins.,"split screen, bars race up, Punjab wins; India avg 54.1%; end: 'Which state should we compare next?'",39,birth,Punjab; Haryana,D-Punjab-Haryana-39
338,D Rivals,6.54,Madhya Pradesh vs Chhattisgarh: Women who use tobacco,Madhya Pradesh 11.6% vs Chhattisgarh 18.7%: women who use tobacco. Guess who wins.,"split screen, bars race up, Chhattisgarh wins; India avg 8.4%; end: 'Which state should we compare next?'",98,tobacco,Madhya Pradesh; Chhattisgarh,D-Madhya Pradesh-Chhattisgarh-98
339,E Gender,6.54,"Meghalaya: women vs men, 10+ years of school","In Meghalaya, women beat men on 10+ years of school: 37.5% women vs 35.9% men.","two-person icon array filling up, then India's gap for contrast",12,education,Meghalaya,E-Meghalaya-12
340,E Gender,6.54,"Meghalaya: women vs men, high blood sugar","In Meghalaya, women beat men on high blood sugar: 7.1% women vs 6.8% men.","two-person icon array filling up, then India's gap for contrast",80,sugar,Meghalaya,E-Meghalaya-80
341,D Rivals,6.53,Maharashtra vs Karnataka: Homes where a woman owns house/land,Maharashtra 18.6% vs Karnataka 29.5%: homes where a woman owns house/land. Guess who wins.,"split screen, bars race up, Karnataka wins; India avg 18.8%; end: 'Which state should we compare next?'",10,women,Maharashtra; Karnataka,D-Maharashtra-Karnataka-10
342,D Rivals,6.53,Rajasthan vs Gujarat: Overweight/obese women,Rajasthan 20.3% vs Gujarat 32.1%: overweight/obese women. Guess who wins.,"split screen, bars race up, Gujarat wins; India avg 30.7%; end: 'Which state should we compare next?'",76,body,Rajasthan; Gujarat,D-Rajasthan-Gujarat-76
343,E Gender,6.53,"Mizoram: women vs men, 10+ years of school","In Mizoram, women beat men on 10+ years of school: 54.7% women vs 53.1% men.","two-person icon array filling up, then India's gap for contrast",12,education,Mizoram,E-Mizoram-12
344,E Gender,6.53,"Goa: women vs men, internet use","In Goa, women beat men on internet use: 94.0% women vs 90.9% men.","two-person icon array filling up, then India's gap for contrast",14,digital,Goa,E-Goa-14
345,E Gender,6.53,"Goa: women vs men, overweight/obese","In Goa, women beat men on overweight/obese: 45.1% women vs 43.6% men.","two-person icon array filling up, then India's gap for contrast",76,body,Goa,E-Goa-76
346,E Gender,6.53,"Himachal Pradesh: women vs men, high blood sugar","In Himachal Pradesh, women beat men on high blood sugar: 20.6% women vs 20.0% men.","two-person icon array filling up, then India's gap for contrast",80,sugar,Himachal Pradesh,E-Himachal Pradesh-80
347,F Village vs city,6.53,"Jharkhand: villages vs cities, Women who have used the internet","In Jharkhand, women who have used the internet is 64.2% in villages and 84.5% in cities.","map pin city vs village, two bars, then India's split",14,digital,Jharkhand,F-Jharkhand-14
348,F Village vs city,6.53,"Rajasthan: villages vs cities, C-sections in private hospitals","In Rajasthan, c-sections in private hospitals is 29.1% in villages and 49.4% in cities.","map pin city vs village, two bars, then India's split",39,birth,Rajasthan,F-Rajasthan-39
349,F Village vs city,6.53,"Telangana: villages vs cities, Women with own mobile phone","In Telangana, women with own mobile phone is 60.2% in villages and 80.5% in cities.","map pin city vs village, two bars, then India's split",93,women,Telangana,F-Telangana-93
350,A Countdown,6.52,Top 10 states: Underweight women,Which Indian state has the most underweight women? #1 is 29.2%.,10→1 bar countdown; India avg 19.7%; reveal #1 Jharkhand; flash last place Andaman & Nicobar 3.1%,74,body,Jharkhand,A-74
351,D Rivals,6.52,Bihar vs Jharkhand: Men married before 21,Bihar 29.6% vs Jharkhand 18.7%: men married before 21. Guess who wins.,"split screen, bars race up, Bihar wins; India avg 15.9%; end: 'Which state should we compare next?'",17,marriage,Bihar; Jharkhand,D-Bihar-Jharkhand-17
352,E Gender,6.52,"Bihar: women vs men, overweight/obese","In Bihar, women beat men on overweight/obese: 19.8% women vs 19.4% men.","two-person icon array filling up, then India's gap for contrast",76,body,Bihar,E-Bihar-76
353,E Gender,6.52,"Telangana: women vs men, overweight/obese","In Telangana, women beat men on overweight/obese: 36.3% women vs 35.5% men.","two-person icon array filling up, then India's gap for contrast",76,body,Telangana,E-Telangana-76
354,F Village vs city,6.52,"Jharkhand: villages vs cities, C-section births","In Jharkhand, c-section births is 12.7% in villages and 32.9% in cities.","map pin city vs village, two bars, then India's split",38,birth,Jharkhand,F-Jharkhand-38
355,F Village vs city,6.52,"Tripura: villages vs cities, C-sections in private hospitals","In Tripura, c-sections in private hospitals is 72.8% in villages and 93.0% in cities.","map pin city vs village, two bars, then India's split",39,birth,Tripura,F-Tripura-39
356,D Rivals,6.51,Delhi vs Maharashtra: Women paid in cash for work,Delhi 25.2% vs Maharashtra 39.5%: women paid in cash for work. Guess who wins.,"split screen, bars race up, Maharashtra wins; India avg 30.8%; end: 'Which state should we compare next?'",91,women,NCT of Delhi; Maharashtra,D-NCT of Delhi-Maharashtra-91
357,E Gender,6.51,"Sikkim: women vs men, internet use","In Sikkim, women beat men on internet use: 90.3% women vs 89.4% men.","two-person icon array filling up, then India's gap for contrast",14,digital,Sikkim,E-Sikkim-14
358,E Gender,6.51,"Jharkhand: women vs men, overweight/obese","In Jharkhand, women beat men on overweight/obese: 16.9% women vs 16.8% men.","two-person icon array filling up, then India's gap for contrast",76,body,Jharkhand,E-Jharkhand-76
359,F Village vs city,6.51,"Chhattisgarh: villages vs cities, Overweight/obese women","In Chhattisgarh, overweight/obese women is 16.0% in villages and 36.1% in cities.","map pin city vs village, two bars, then India's split",76,body,Chhattisgarh,F-Chhattisgarh-76
360,B Movers,6.5,Who changed most in 4 years: Children fully vaccinated,Assam: children fully vaccinated went 66.7% → 81.7% in 4 years. DNH & Daman Diu went the other way: 94.9% → 89.0%.,before/after bars for 5 risers + 5 fallers; biggest faller DNH & Daman Diu 94.9% → 89.0%,44,vaccines,Assam; Dadra & Nagar Haveli and Daman & Diu,B-44
361,D Rivals,6.5,Punjab vs Himachal Pradesh: C-section births,Punjab 46.6% vs Himachal Pradesh 29.9%: c-section births. Guess who wins.,"split screen, bars race up, Punjab wins; India avg 27.2%; end: 'Which state should we compare next?'",38,birth,Punjab; Himachal Pradesh,D-Punjab-Himachal Pradesh-38
362,D Rivals,6.5,Kerala vs Uttar Pradesh: Stunted children,Kerala 20.1% vs Uttar Pradesh 31.5%: stunted children. Guess who wins.,"split screen, bars race up, Uttar Pradesh wins; India avg 29.3%; end: 'Which state should we compare next?'",69,child nutrition,Kerala; Uttar Pradesh,D-Kerala-Uttar Pradesh-69
363,F Village vs city,6.49,"Puducherry: villages vs cities, Overweight/obese women","In Puducherry, overweight/obese women is 54.4% in villages and 49.5% in cities. Villages win.","map pin city vs village, two bars, then India's split",76,body,Puducherry,F-Puducherry-76
364,F Village vs city,6.48,"West Bengal: villages vs cities, Women married before 18","In West Bengal, women married before 18 is 41.5% in villages and 21.7% in cities.","map pin city vs village, two bars, then India's split",16,marriage,West Bengal,F-West Bengal-16
365,A Countdown,6.47,Top 10 states: Sexual violence before 18,Which Indian state has the most sexual violence before 18? #1 is 2.1%.,10→1 bar countdown; India avg 0.7%; reveal #1 Bihar; flash last place Andhra Pradesh 0.0%,97,violence,Bihar,A-97
366,F Village vs city,6.47,"Meghalaya: villages vs cities, Men who use tobacco","In Meghalaya, men who use tobacco is 61.9% in villages and 42.2% in cities.","map pin city vs village, two bars, then India's split",99,tobacco,Meghalaya,F-Meghalaya-99
367,F Village vs city,6.46,"Odisha: villages vs cities, Overweight/obese women","In Odisha, overweight/obese women is 26.7% in villages and 46.3% in cities.","map pin city vs village, two bars, then India's split",76,body,Odisha,F-Odisha-76
368,F Village vs city,6.45,"Odisha: villages vs cities, C-section births","In Odisha, c-section births is 26.9% in villages and 46.4% in cities.","map pin city vs village, two bars, then India's split",38,birth,Odisha,F-Odisha-38
369,D Rivals,6.43,Tamil Nadu vs Telangana: Vaccinated at private clinics,Tamil Nadu 8.2% vs Telangana 2.6%: vaccinated at private clinics. Guess who wins.,"split screen, bars race up, Tamil Nadu wins; India avg 3.1%; end: 'Which state should we compare next?'",56,vaccines,Tamil Nadu; Telangana,D-Tamil Nadu-Telangana-56
370,K South league,6.43,South India: Underweight women,"South India ranked on underweight women. Telangana 17.7%, Puducherry only 8.7%.",6 southern states race; Tamil Nadu highlighted; end 'Where's your state?',74,body,Telangana; Karnataka; Tamil Nadu; Kerala; Andhra Pradesh; Puducherry,K-74
371,F Village vs city,6.42,"Andhra Pradesh: villages vs cities, Women with own mobile phone","In Andhra Pradesh, women with own mobile phone is 57.5% in villages and 76.7% in cities.","map pin city vs village, two bars, then India's split",93,women,Andhra Pradesh,F-Andhra Pradesh-93
372,F Village vs city,6.41,"Assam: villages vs cities, Women who have used the internet","In Assam, women who have used the internet is 51.1% in villages and 70.2% in cities.","map pin city vs village, two bars, then India's split",14,digital,Assam,F-Assam-14
373,D Rivals,6.4,Kerala vs Uttar Pradesh: C-sections in government hospitals,Kerala 39.3% vs Uttar Pradesh 6.5%: c-sections in government hospitals. Guess who wins.,"split screen, bars race up, Kerala wins; India avg 16.9%; end: 'Which state should we compare next?'",40,birth,Kerala; Uttar Pradesh,D-Kerala-Uttar Pradesh-40
374,F Village vs city,6.4,"Madhya Pradesh: villages vs cities, Overweight/obese women","In Madhya Pradesh, overweight/obese women is 17.1% in villages and 36.1% in cities.","map pin city vs village, two bars, then India's split",76,body,Madhya Pradesh,F-Madhya Pradesh-76
375,F Village vs city,6.4,"Odisha: villages vs cities, Overweight/obese men","In Odisha, overweight/obese men is 24.9% in villages and 43.9% in cities.","map pin city vs village, two bars, then India's split",77,body,Odisha,F-Odisha-77
376,G Paradox,6.4,"Himachal Pradesh: #3 for women with 10+ years of school, #3 for men with high blood pressure",Himachal Pradesh is India's #3 for women with 10+ years of school… and #3 for men with high blood pressure.,two rank ladders side by side; 72.1% vs 31.7%,12,education,Himachal Pradesh,G-Himachal Pradesh-12-89
377,I Report card,6.4,Mizoram: 5 records nobody talks about,Mizoram ranks #1 in India for men who use tobacco. That's not even the strangest one.,5 rapid cards: #1 men who use tobacco; #1 women who use tobacco; #1 overweight children; last wasted children,99,tobacco,Mizoram,I-Mizoram
378,I Report card,6.4,Telangana: 5 records nobody talks about,Telangana ranks #1 in India for women paid in cash for work. That's not even the strangest one.,5 rapid cards: #1 women paid in cash for work; #1 c-section births; #1 men sterilised; last women & girls who ever went to school,91,women,Telangana,I-Telangana
379,I Report card,6.4,Uttar Pradesh: 5 records nobody talks about,Uttar Pradesh ranks last in India for men with high blood pressure. That's not even the strangest one.,5 rapid cards: last men with high blood pressure; last women with high blood pressure; last exclusively breastfed (<6 months); #1 kids with diarrhoea,89,bp,Uttar Pradesh,I-Uttar Pradesh
380,F Village vs city,6.39,"Tripura: villages vs cities, Women married before 18","In Tripura, women married before 18 is 37.5% in villages and 18.6% in cities.","map pin city vs village, two bars, then India's split",16,marriage,Tripura,F-Tripura-16
381,F Village vs city,6.39,"Gujarat: villages vs cities, C-section births","In Gujarat, c-section births is 21.7% in villages and 40.6% in cities.","map pin city vs village, two bars, then India's split",38,birth,Gujarat,F-Gujarat-38
382,F Village vs city,6.39,"West Bengal: villages vs cities, Women with own mobile phone","In West Bengal, women with own mobile phone is 59.5% in villages and 78.4% in cities.","map pin city vs village, two bars, then India's split",93,women,West Bengal,F-West Bengal-93
383,F Village vs city,6.38,"Haryana: villages vs cities, Women with own mobile phone","In Haryana, women with own mobile phone is 57.8% in villages and 76.6% in cities.","map pin city vs village, two bars, then India's split",93,women,Haryana,F-Haryana-93
384,F Village vs city,6.37,"Karnataka: villages vs cities, Overweight/obese women","In Karnataka, overweight/obese women is 33.0% in villages and 51.7% in cities.","map pin city vs village, two bars, then India's split",76,body,Karnataka,F-Karnataka-76
385,F Village vs city,6.37,"Rajasthan: villages vs cities, Women with own mobile phone","In Rajasthan, women with own mobile phone is 56.4% in villages and 75.1% in cities.","map pin city vs village, two bars, then India's split",93,women,Rajasthan,F-Rajasthan-93
386,D Rivals,6.36,Tamil Nadu vs Gujarat: C-sections in government hospitals,Tamil Nadu 39.6% vs Gujarat 15.6%: c-sections in government hospitals. Guess who wins.,"split screen, bars race up, Tamil Nadu wins; India avg 16.9%; end: 'Which state should we compare next?'",40,birth,Tamil Nadu; Gujarat,D-Tamil Nadu-Gujarat-40
387,F Village vs city,6.36,"Rajasthan: villages vs cities, Overweight/obese women","In Rajasthan, overweight/obese women is 15.7% in villages and 34.3% in cities.","map pin city vs village, two bars, then India's split",76,body,Rajasthan,F-Rajasthan-76
388,A Countdown,6.35,Top 10 states: Stunted children,Which Indian state has the most stunted children? #1 is 37.1%.,10→1 bar countdown; India avg 29.3%; reveal #1 DNH & Daman Diu; flash last place Puducherry 16.6%,69,child nutrition,Dadra & Nagar Haveli and Daman & Diu,A-69
389,C Outlier,6.35,Guess the state: India's highest vaccinated at private clinics,One state is way off the chart on vaccinated at private clinics: 12.9%. Next closest: 8.6%. Guess it.,"quiz: 3 options, 3-second timer, reveal Nagaland; India avg 3.1%",56,vaccines,Nagaland,C-56-top
390,C Outlier,6.35,Guess the state: India's highest violence during pregnancy,One state is way off the chart on violence during pregnancy: 5.4%. Next closest: 3.7%. Guess it.,"quiz: 3 options, 3-second timer, reveal Bihar; India avg 2.7%",96,violence,Bihar,C-96-top
391,F Village vs city,6.34,"Gujarat: villages vs cities, Overweight/obese men","In Gujarat, overweight/obese men is 21.8% in villages and 40.2% in cities.","map pin city vs village, two bars, then India's split",77,body,Gujarat,F-Gujarat-77
392,F Village vs city,6.33,"DNH & Daman Diu: villages vs cities, Men who have used the internet","In DNH & Daman Diu, men who have used the internet is 93.5% in villages and 90.2% in cities. Villages win.","map pin city vs village, two bars, then India's split",15,digital,Dadra & Nagar Haveli and Daman & Diu,F-Dadra & Nagar Haveli and Daman & Diu-15
393,F Village vs city,6.33,"Assam: villages vs cities, Women with own mobile phone","In Assam, women with own mobile phone is 64.5% in villages and 82.8% in cities.","map pin city vs village, two bars, then India's split",93,women,Assam,F-Assam-93
394,F Village vs city,6.33,"Odisha: villages vs cities, Women with own mobile phone","In Odisha, women with own mobile phone is 60.7% in villages and 79.0% in cities.","map pin city vs village, two bars, then India's split",93,women,Odisha,F-Odisha-93
395,B Movers,6.32,Who changed most in 4 years: Hygienic period protection (15-24),Tripura: hygienic period protection (15-24) went 69.1% → 83.0% in 4 years. DNH & Daman Diu went the other way: 94.3% → 89.3%.,before/after bars for 5 risers + 5 fallers; biggest faller DNH & Daman Diu 94.3% → 89.3%,94,women,Tripura; Dadra & Nagar Haveli and Daman & Diu,B-94
396,F Village vs city,6.32,"Telangana: villages vs cities, Women paid in cash for work","In Telangana, women paid in cash for work is 58.3% in villages and 40.1% in cities.","map pin city vs village, two bars, then India's split",91,women,Telangana,F-Telangana-91
397,D Rivals,6.31,Mizoram vs Nagaland: Vaccinated at private clinics,Mizoram 2.8% vs Nagaland 12.9%: vaccinated at private clinics. Guess who wins.,"split screen, bars race up, Nagaland wins; India avg 3.1%; end: 'Which state should we compare next?'",56,vaccines,Mizoram; Nagaland,D-Mizoram-Nagaland-56
398,F Village vs city,6.31,"J&K: villages vs cities, Women who have used the internet","In J&K, women who have used the internet is 59.6% in villages and 77.7% in cities.","map pin city vs village, two bars, then India's split",14,digital,Jammu and Kashmir,F-Jammu and Kashmir-14
399,F Village vs city,6.3,"Rajasthan: villages vs cities, Women married before 18","In Rajasthan, women married before 18 is 28.8% in villages and 10.8% in cities.","map pin city vs village, two bars, then India's split",16,marriage,Rajasthan,F-Rajasthan-16
400,F Village vs city,6.28,"Assam: villages vs cities, Women married before 18","In Assam, women married before 18 is 27.0% in villages and 9.2% in cities.","map pin city vs village, two bars, then India's split",16,marriage,Assam,F-Assam-16
401,F Village vs city,6.28,"Mizoram: villages vs cities, C-sections in private hospitals","In Mizoram, c-sections in private hospitals is 21.4% in villages and 39.2% in cities.","map pin city vs village, two bars, then India's split",39,birth,Mizoram,F-Mizoram-39
402,F Village vs city,6.28,"Tripura: villages vs cities, Women with own mobile phone","In Tripura, women with own mobile phone is 61.7% in villages and 79.5% in cities.","map pin city vs village, two bars, then India's split",93,women,Tripura,F-Tripura-93
403,A Countdown,6.27,Top 10 states: Women with 10+ years of school,Which Indian state has the most women with 10+ years of school? #1 is 86.6%.,10→1 bar countdown; India avg 46.4%; reveal #1 Kerala; flash last place Tripura 32.9%,12,education,Kerala,A-12
404,F Village vs city,6.27,"Odisha: villages vs cities, Women who have used the internet","In Odisha, women who have used the internet is 49.0% in villages and 66.7% in cities.","map pin city vs village, two bars, then India's split",14,digital,Odisha,F-Odisha-14
405,F Village vs city,6.27,"Meghalaya: villages vs cities, Men who have used the internet","In Meghalaya, men who have used the internet is 65.4% in villages and 83.1% in cities.","map pin city vs village, two bars, then India's split",15,digital,Meghalaya,F-Meghalaya-15
406,F Village vs city,6.27,"Jharkhand: villages vs cities, Overweight/obese men","In Jharkhand, overweight/obese men is 12.6% in villages and 30.3% in cities.","map pin city vs village, two bars, then India's split",77,body,Jharkhand,F-Jharkhand-77
407,F Village vs city,6.26,"Haryana: villages vs cities, Women who have used the internet","In Haryana, women who have used the internet is 67.3% in villages and 84.9% in cities.","map pin city vs village, two bars, then India's split",14,digital,Haryana,F-Haryana-14
408,F Village vs city,6.26,"Ladakh: villages vs cities, Men with high blood pressure","In Ladakh, men with high blood pressure is 16.9% in villages and 14.3% in cities. Villages win.","map pin city vs village, two bars, then India's split",89,bp,Ladakh,F-Ladakh-89
409,F Village vs city,6.26,"Jharkhand: villages vs cities, Women with own mobile phone","In Jharkhand, women with own mobile phone is 54.6% in villages and 72.2% in cities.","map pin city vs village, two bars, then India's split",93,women,Jharkhand,F-Jharkhand-93
410,F Village vs city,6.25,"West Bengal: villages vs cities, Women who have used the internet","In West Bengal, women who have used the internet is 54.1% in villages and 71.6% in cities.","map pin city vs village, two bars, then India's split",14,digital,West Bengal,F-West Bengal-14
411,F Village vs city,6.25,"DNH & Daman Diu: villages vs cities, Men with high blood pressure","In DNH & Daman Diu, men with high blood pressure is 19.9% in villages and 17.4% in cities. Villages win.","map pin city vs village, two bars, then India's split",89,bp,Dadra & Nagar Haveli and Daman & Diu,F-Dadra & Nagar Haveli and Daman & Diu-89
412,F Village vs city,6.24,"Uttar Pradesh: villages vs cities, C-section births","In Uttar Pradesh, c-section births is 16.2% in villages and 33.6% in cities.","map pin city vs village, two bars, then India's split",38,birth,Uttar Pradesh,F-Uttar Pradesh-38
413,F Village vs city,6.24,"Gujarat: villages vs cities, C-sections in private hospitals","In Gujarat, c-sections in private hospitals is 32.0% in villages and 49.4% in cities.","map pin city vs village, two bars, then India's split",39,birth,Gujarat,F-Gujarat-39
414,F Village vs city,6.24,"Madhya Pradesh: villages vs cities, Men who use tobacco","In Madhya Pradesh, men who use tobacco is 52.6% in villages and 35.2% in cities.","map pin city vs village, two bars, then India's split",99,tobacco,Madhya Pradesh,F-Madhya Pradesh-99
415,K South league,6.24,South India: Women with 10+ years of school,"South India ranked on women with 10+ years of school. Kerala 86.6%, Andhra Pradesh only 48.4%.",6 southern states race; Tamil Nadu highlighted; end 'Where's your state?',12,education,Kerala; Puducherry; Tamil Nadu; Karnataka; Telangana; Andhra Pradesh,K-12
416,F Village vs city,6.21,"Jharkhand: villages vs cities, Stunted children","In Jharkhand, stunted children is 37.4% in villages and 20.3% in cities.","map pin city vs village, two bars, then India's split",69,child nutrition,Jharkhand,F-Jharkhand-69
417,F Village vs city,6.2,"Assam: villages vs cities, Homes with health insurance","In Assam, homes with health insurance is 72.5% in villages and 55.5% in cities.","map pin city vs village, two bars, then India's split",7,home,Assam,F-Assam-7
418,F Village vs city,6.2,"Telangana: villages vs cities, Overweight/obese women","In Telangana, overweight/obese women is 31.7% in villages and 48.7% in cities.","map pin city vs village, two bars, then India's split",76,body,Telangana,F-Telangana-76
419,D Rivals,6.18,West Bengal vs Assam: Women sterilised,West Bengal 27.5% vs Assam 7.7%: women sterilised. Guess who wins.,"split screen, bars race up, West Bengal wins; India avg 36.5%; end: 'Which state should we compare next?'",23,family,West Bengal; Assam,D-West Bengal-Assam-23
420,F Village vs city,6.18,"Assam: villages vs cities, Men who have used the internet","In Assam, men who have used the internet is 68.3% in villages and 85.1% in cities.","map pin city vs village, two bars, then India's split",15,digital,Assam,F-Assam-15
421,F Village vs city,6.18,"Himachal Pradesh: villages vs cities, Women paid in cash for work","In Himachal Pradesh, women paid in cash for work is 22.0% in villages and 38.8% in cities.","map pin city vs village, two bars, then India's split",91,women,Himachal Pradesh,F-Himachal Pradesh-91
422,B Movers,6.17,Who changed most in 4 years: Overweight children,Chandigarh: overweight children went 1.8% → 4.1% in 4 years. Ladakh went the other way: 13.4% → 6.4%.,before/after bars for 5 risers + 5 fallers; biggest faller Ladakh 13.4% → 6.4%,73,child nutrition,Chandigarh; Ladakh,B-73
423,F Village vs city,6.17,"Karnataka: villages vs cities, Homes where a woman owns house/land","In Karnataka, homes where a woman owns house/land is 36.9% in villages and 20.2% in cities.","map pin city vs village, two bars, then India's split",10,women,Karnataka,F-Karnataka-10
424,F Village vs city,6.16,"Goa: villages vs cities, C-section births","In Goa, c-section births is 36.7% in villages and 53.3% in cities.","map pin city vs village, two bars, then India's split",38,birth,Goa,F-Goa-38
425,D Rivals,6.14,Delhi vs Maharashtra: Women sterilised,Delhi 14.7% vs Maharashtra 49.0%: women sterilised. Guess who wins.,"split screen, bars race up, Maharashtra wins; India avg 36.5%; end: 'Which state should we compare next?'",23,family,NCT of Delhi; Maharashtra,D-NCT of Delhi-Maharashtra-23
426,F Village vs city,6.13,"Bihar: villages vs cities, Women married before 18","In Bihar, women married before 18 is 36.3% in villages and 20.0% in cities.","map pin city vs village, two bars, then India's split",16,marriage,Bihar,F-Bihar-16
427,F Village vs city,6.13,"Tripura: villages vs cities, Men who use tobacco","In Tripura, men who use tobacco is 55.8% in villages and 39.5% in cities.","map pin city vs village, two bars, then India's split",99,tobacco,Tripura,F-Tripura-99
428,B Movers,6.12,Who changed most in 4 years: Children per woman (fertility rate),J&K: children per woman (fertility rate) went 1.4 → 1.8 in 4 years. Meghalaya went the other way: 2.9 → 2.2.,before/after bars for 5 risers + 5 fallers; biggest faller Meghalaya 2.9 → 2.2,18,people,Jammu and Kashmir; Meghalaya,B-18
429,D Rivals,6.12,West Bengal vs Odisha: Kids with diarrhoea,West Bengal 2.9% vs Odisha 11.2%: kids with diarrhoea. Guess who wins.,"split screen, bars race up, Odisha wins; India avg 7.9%; end: 'Which state should we compare next?'",57,child health,West Bengal; Odisha,D-West Bengal-Odisha-57
430,F Village vs city,6.12,"Maharashtra: villages vs cities, Men who use tobacco","In Maharashtra, men who use tobacco is 38.1% in villages and 21.9% in cities.","map pin city vs village, two bars, then India's split",99,tobacco,Maharashtra,F-Maharashtra-99
431,K South league,6.12,South India: Women: severe high BP,"South India ranked on women: severe high bp. Kerala 6.4%, Puducherry only 3.4%.",6 southern states race; Tamil Nadu highlighted; end 'Where's your state?',85,bp,Kerala; Karnataka; Andhra Pradesh; Telangana; Tamil Nadu; Puducherry,K-85
432,A Countdown,6.1,Top 10 states: Severely wasted children,Which Indian state has the most severely wasted children? #1 is 8.5%.,10→1 bar countdown; India avg 5.2%; reveal #1 Assam; flash last place Uttarakhand 2.0%,71,child nutrition,Assam,A-71
433,D Rivals,6.1,Assam vs Meghalaya: C-sections in government hospitals,Assam 17.4% vs Meghalaya 5.0%: c-sections in government hospitals. Guess who wins.,"split screen, bars race up, Assam wins; India avg 16.9%; end: 'Which state should we compare next?'",40,birth,Assam; Meghalaya,D-Assam-Meghalaya-40
434,F Village vs city,6.1,"Tamil Nadu: villages vs cities, Women paid in cash for work","In Tamil Nadu, women paid in cash for work is 55.0% in villages and 39.0% in cities.","map pin city vs village, two bars, then India's split",91,women,Tamil Nadu,F-Tamil Nadu-91
435,F Village vs city,6.08,"West Bengal: villages vs cities, Overweight/obese women","In West Bengal, overweight/obese women is 30.0% in villages and 45.8% in cities.","map pin city vs village, two bars, then India's split",76,body,West Bengal,F-West Bengal-76
436,K South league,6.08,South India: Wasted children,"South India ranked on wasted children. Karnataka 18.7%, Kerala only 10.9%.",6 southern states race; Tamil Nadu highlighted; end 'Where's your state?',70,child nutrition,Karnataka; Tamil Nadu; Telangana; Puducherry; Andhra Pradesh; Kerala,K-70
437,K South league,6.07,South India: Men: severe high BP,"South India ranked on men: severe high bp. Kerala 5.1%, Puducherry only 2.7%.",6 southern states race; Tamil Nadu highlighted; end 'Where's your state?',88,bp,Kerala; Karnataka; Telangana; Tamil Nadu; Andhra Pradesh; Puducherry,K-88
438,F Village vs city,6.06,"Maharashtra: villages vs cities, Women paid in cash for work","In Maharashtra, women paid in cash for work is 45.7% in villages and 30.1% in cities.","map pin city vs village, two bars, then India's split",91,women,Maharashtra,F-Maharashtra-91
439,F Village vs city,6.05,"Mizoram: villages vs cities, Homes with health insurance","In Mizoram, homes with health insurance is 67.4% in villages and 51.9% in cities.","map pin city vs village, two bars, then India's split",7,home,Mizoram,F-Mizoram-7
440,F Village vs city,6.05,"Tripura: villages vs cities, Women who use tobacco","In Tripura, women who use tobacco is 51.2% in villages and 35.7% in cities.","map pin city vs village, two bars, then India's split",98,tobacco,Tripura,F-Tripura-98
441,F Village vs city,6.04,"Andhra Pradesh: villages vs cities, Women who have used the internet","In Andhra Pradesh, women who have used the internet is 58.3% in villages and 73.7% in cities.","map pin city vs village, two bars, then India's split",14,digital,Andhra Pradesh,F-Andhra Pradesh-14
442,F Village vs city,6.04,"J&K: villages vs cities, Overweight/obese women","In J&K, overweight/obese women is 33.3% in villages and 48.7% in cities.","map pin city vs village, two bars, then India's split",76,body,Jammu and Kashmir,F-Jammu and Kashmir-76
443,K South league,6.04,South India: Women sterilised,"South India ranked on women sterilised. Andhra Pradesh 69.5%, Kerala only 42.3%.",6 southern states race; Tamil Nadu highlighted; end 'Where's your state?',23,family,Andhra Pradesh; Telangana; Karnataka; Tamil Nadu; Puducherry; Kerala,K-23
444,F Village vs city,6.03,"Maharashtra: villages vs cities, Overweight/obese women","In Maharashtra, overweight/obese women is 24.8% in villages and 40.1% in cities.","map pin city vs village, two bars, then India's split",76,body,Maharashtra,F-Maharashtra-76
445,F Village vs city,6.03,"Jharkhand: villages vs cities, Men who drink alcohol","In Jharkhand, men who drink alcohol is 37.3% in villages and 22.0% in cities.","map pin city vs village, two bars, then India's split",101,alcohol,Jharkhand,F-Jharkhand-101
446,F Village vs city,6.01,"Tamil Nadu: villages vs cities, Women who have used the internet","In Tamil Nadu, women who have used the internet is 52.8% in villages and 67.9% in cities.","map pin city vs village, two bars, then India's split",14,digital,Tamil Nadu,F-Tamil Nadu-14
447,F Village vs city,6.01,"Mizoram: villages vs cities, C-section births","In Mizoram, c-section births is 6.6% in villages and 21.7% in cities.","map pin city vs village, two bars, then India's split",38,birth,Mizoram,F-Mizoram-38
448,K South league,6.01,South India: Women: very high blood sugar,"South India ranked on women: very high blood sugar. Kerala 16.7%, Telangana only 10.0%.",6 southern states race; Tamil Nadu highlighted; end 'Where's your state?',79,sugar,Kerala; Puducherry; Tamil Nadu; Karnataka; Andhra Pradesh; Telangana,K-79
449,A Countdown,6.0,Top 10 states: Women: severe high BP,Which Indian state has the most women: severe high bp? #1 is 8.5%.,10→1 bar countdown; India avg 4.8%; reveal #1 Sikkim; flash last place Ladakh 2.7%,85,bp,Sikkim,A-85
450,B Movers,6.0,Who changed most in 4 years: Kids (2-4) in pre-school,Chandigarh: kids (2-4) in pre-school went 26.5% → 52.6% in 4 years. Andaman & Nicobar went the other way: 88.5% → 62.2%.,before/after bars for 5 risers + 5 fallers; biggest faller Andaman & Nicobar 88.5% → 62.2%,11,education,Chandigarh; Andaman and Nicobar Islands,B-11
451,B Movers,6.0,Who changed most in 4 years: Men with 10+ years of school,Chandigarh: men with 10+ years of school went 64.5% → 88.4% in 4 years. Ladakh went the other way: 72.7% → 65.9%.,before/after bars for 5 risers + 5 fallers; biggest faller Ladakh 72.7% → 65.9%,13,education,Chandigarh; Ladakh,B-13
452,E Gender,6,"Bihar: women vs men, tobacco","In Bihar, men beat women on tobacco: 4.0% women vs 45.8% men.","two-person icon array filling up, then India's gap for contrast",98,tobacco,Bihar,E-Bihar-98
453,E Gender,6,"Haryana: women vs men, tobacco","In Haryana, men beat women on tobacco: 2.2% women vs 27.5% men.","two-person icon array filling up, then India's gap for contrast",98,tobacco,Haryana,E-Haryana-98
454,E Gender,6,"Himachal Pradesh: women vs men, tobacco","In Himachal Pradesh, men beat women on tobacco: 1.9% women vs 28.9% men.","two-person icon array filling up, then India's gap for contrast",98,tobacco,Himachal Pradesh,E-Himachal Pradesh-98
455,E Gender,6,"Punjab: women vs men, tobacco","In Punjab, men beat women on tobacco: 0.5% women vs 13.9% men.","two-person icon array filling up, then India's gap for contrast",98,tobacco,Punjab,E-Punjab-98
456,E Gender,6,"J&K: women vs men, tobacco","In J&K, men beat women on tobacco: 3.1% women vs 30.1% men.","two-person icon array filling up, then India's gap for contrast",98,tobacco,Jammu and Kashmir,E-Jammu and Kashmir-98
457,E Gender,6,"Delhi: women vs men, tobacco","In Delhi, men beat women on tobacco: 1.7% women vs 21.3% men.","two-person icon array filling up, then India's gap for contrast",98,tobacco,NCT of Delhi,E-NCT of Delhi-98
458,E Gender,6,"Bihar: women vs men, alcohol","In Bihar, men beat women on alcohol: 0.4% women vs 16.5% men.","two-person icon array filling up, then India's gap for contrast",100,alcohol,Bihar,E-Bihar-100
459,E Gender,6,"Goa: women vs men, alcohol","In Goa, men beat women on alcohol: 2.1% women vs 22.4% men.","two-person icon array filling up, then India's gap for contrast",100,alcohol,Goa,E-Goa-100
460,E Gender,6,"Haryana: women vs men, alcohol","In Haryana, men beat women on alcohol: 0.2% women vs 17.5% men.","two-person icon array filling up, then India's gap for contrast",100,alcohol,Haryana,E-Haryana-100
461,E Gender,6,"Himachal Pradesh: women vs men, alcohol","In Himachal Pradesh, men beat women on alcohol: 0.6% women vs 30.2% men.","two-person icon array filling up, then India's gap for contrast",100,alcohol,Himachal Pradesh,E-Himachal Pradesh-100
462,E Gender,6,"Karnataka: women vs men, alcohol","In Karnataka, men beat women on alcohol: 0.5% women vs 15.6% men.","two-person icon array filling up, then India's gap for contrast",100,alcohol,Karnataka,E-Karnataka-100
463,E Gender,6,"Kerala: women vs men, alcohol","In Kerala, men beat women on alcohol: 0.3% women vs 22.7% men.","two-person icon array filling up, then India's gap for contrast",100,alcohol,Kerala,E-Kerala-100
464,E Gender,6,"Madhya Pradesh: women vs men, alcohol","In Madhya Pradesh, men beat women on alcohol: 1.2% women vs 18.5% men.","two-person icon array filling up, then India's gap for contrast",100,alcohol,Madhya Pradesh,E-Madhya Pradesh-100
465,E Gender,6,"Maharashtra: women vs men, alcohol","In Maharashtra, men beat women on alcohol: 0.3% women vs 12.2% men.","two-person icon array filling up, then India's gap for contrast",100,alcohol,Maharashtra,E-Maharashtra-100
466,E Gender,6,"Meghalaya: women vs men, alcohol","In Meghalaya, men beat women on alcohol: 1.2% women vs 28.3% men.","two-person icon array filling up, then India's gap for contrast",100,alcohol,Meghalaya,E-Meghalaya-100
467,E Gender,6,"Mizoram: women vs men, alcohol","In Mizoram, men beat women on alcohol: 0.9% women vs 23.0% men.","two-person icon array filling up, then India's gap for contrast",100,alcohol,Mizoram,E-Mizoram-100
468,E Gender,6,"Nagaland: women vs men, alcohol","In Nagaland, men beat women on alcohol: 1.6% women vs 26.9% men.","two-person icon array filling up, then India's gap for contrast",100,alcohol,Nagaland,E-Nagaland-100
469,E Gender,6,"Odisha: women vs men, alcohol","In Odisha, men beat women on alcohol: 3.1% women vs 26.8% men.","two-person icon array filling up, then India's gap for contrast",100,alcohol,Odisha,E-Odisha-100
470,E Gender,6,"Punjab: women vs men, alcohol","In Punjab, men beat women on alcohol: 0.3% women vs 22.9% men.","two-person icon array filling up, then India's gap for contrast",100,alcohol,Punjab,E-Punjab-100
471,E Gender,6,"J&K: women vs men, alcohol","In J&K, men beat women on alcohol: 0.2% women vs 7.3% men.","two-person icon array filling up, then India's gap for contrast",100,alcohol,Jammu and Kashmir,E-Jammu and Kashmir-100
472,E Gender,6,"Delhi: women vs men, alcohol","In Delhi, men beat women on alcohol: 0.4% women vs 16.1% men.","two-person icon array filling up, then India's gap for contrast",100,alcohol,NCT of Delhi,E-NCT of Delhi-100
473,E Gender,6,"Andhra Pradesh: women vs men, alcohol","In Andhra Pradesh, men beat women on alcohol: 0.6% women vs 23.3% men.","two-person icon array filling up, then India's gap for contrast",100,alcohol,Andhra Pradesh,E-Andhra Pradesh-100
474,E Gender,6,"Rajasthan: women vs men, alcohol","In Rajasthan, men beat women on alcohol: 0.3% women vs 10.7% men.","two-person icon array filling up, then India's gap for contrast",100,alcohol,Rajasthan,E-Rajasthan-100
475,E Gender,6,"Tamil Nadu: women vs men, alcohol","In Tamil Nadu, men beat women on alcohol: 0.3% women vs 23.5% men.","two-person icon array filling up, then India's gap for contrast",100,alcohol,Tamil Nadu,E-Tamil Nadu-100
476,E Gender,6,"Uttar Pradesh: women vs men, alcohol","In Uttar Pradesh, men beat women on alcohol: 0.3% women vs 18.7% men.","two-person icon array filling up, then India's gap for contrast",100,alcohol,Uttar Pradesh,E-Uttar Pradesh-100
477,E Gender,6,"Uttarakhand: women vs men, alcohol","In Uttarakhand, men beat women on alcohol: 0.3% women vs 27.2% men.","two-person icon array filling up, then India's gap for contrast",100,alcohol,Uttarakhand,E-Uttarakhand-100
478,E Gender,6,"West Bengal: women vs men, alcohol","In West Bengal, men beat women on alcohol: 0.8% women vs 16.0% men.","two-person icon array filling up, then India's gap for contrast",100,alcohol,West Bengal,E-West Bengal-100
479,E Gender,6,"Arunachal Pradesh: women vs men, sterilisation","In Arunachal Pradesh, women beat men on sterilisation: 21.1% women vs 0.1% men.","two-person icon array filling up, then India's gap for contrast",23,family,Arunachal Pradesh,E-Arunachal Pradesh-23
480,E Gender,6,"Assam: women vs men, sterilisation","In Assam, women beat men on sterilisation: 7.7% women vs 0.3% men.","two-person icon array filling up, then India's gap for contrast",23,family,Assam,E-Assam-23
481,E Gender,6,"Bihar: women vs men, sterilisation","In Bihar, women beat men on sterilisation: 37.6% women vs 0.2% men.","two-person icon array filling up, then India's gap for contrast",23,family,Bihar,E-Bihar-23
482,E Gender,6,"Chhattisgarh: women vs men, sterilisation","In Chhattisgarh, women beat men on sterilisation: 42.4% women vs 1.4% men.","two-person icon array filling up, then India's gap for contrast",23,family,Chhattisgarh,E-Chhattisgarh-23
483,E Gender,6,"Goa: women vs men, sterilisation","In Goa, women beat men on sterilisation: 23.4% women vs 0.1% men.","two-person icon array filling up, then India's gap for contrast",23,family,Goa,E-Goa-23
484,E Gender,6,"Gujarat: women vs men, sterilisation","In Gujarat, women beat men on sterilisation: 33.9% women vs 0.2% men.","two-person icon array filling up, then India's gap for contrast",23,family,Gujarat,E-Gujarat-23
485,E Gender,6,"Haryana: women vs men, sterilisation","In Haryana, women beat men on sterilisation: 28.5% women vs 0.9% men.","two-person icon array filling up, then India's gap for contrast",23,family,Haryana,E-Haryana-23
486,E Gender,6,"Himachal Pradesh: women vs men, sterilisation","In Himachal Pradesh, women beat men on sterilisation: 32.2% women vs 2.3% men.","two-person icon array filling up, then India's gap for contrast",23,family,Himachal Pradesh,E-Himachal Pradesh-23
487,E Gender,6,"Jharkhand: women vs men, sterilisation","In Jharkhand, women beat men on sterilisation: 32.9% women vs 0.4% men.","two-person icon array filling up, then India's gap for contrast",23,family,Jharkhand,E-Jharkhand-23
488,E Gender,6,"Karnataka: women vs men, sterilisation","In Karnataka, women beat men on sterilisation: 56.9% women vs 0.0% men.","two-person icon array filling up, then India's gap for contrast",23,family,Karnataka,E-Karnataka-23
489,E Gender,6,"Kerala: women vs men, sterilisation","In Kerala, women beat men on sterilisation: 42.3% women vs 0.2% men.","two-person icon array filling up, then India's gap for contrast",23,family,Kerala,E-Kerala-23
490,E Gender,6,"Madhya Pradesh: women vs men, sterilisation","In Madhya Pradesh, women beat men on sterilisation: 47.8% women vs 0.9% men.","two-person icon array filling up, then India's gap for contrast",23,family,Madhya Pradesh,E-Madhya Pradesh-23
491,E Gender,6,"Maharashtra: women vs men, sterilisation","In Maharashtra, women beat men on sterilisation: 49.0% women vs 1.1% men.","two-person icon array filling up, then India's gap for contrast",23,family,Maharashtra,E-Maharashtra-23
492,E Gender,6,"Meghalaya: women vs men, sterilisation","In Meghalaya, women beat men on sterilisation: 7.1% women vs 0.1% men.","two-person icon array filling up, then India's gap for contrast",23,family,Meghalaya,E-Meghalaya-23
493,E Gender,6,"Mizoram: women vs men, sterilisation","In Mizoram, women beat men on sterilisation: 29.1% women vs 0.0% men.","two-person icon array filling up, then India's gap for contrast",23,family,Mizoram,E-Mizoram-23
494,E Gender,6,"Nagaland: women vs men, sterilisation","In Nagaland, women beat men on sterilisation: 11.0% women vs 0.1% men.","two-person icon array filling up, then India's gap for contrast",23,family,Nagaland,E-Nagaland-23
495,E Gender,6,"Odisha: women vs men, sterilisation","In Odisha, women beat men on sterilisation: 26.1% women vs 0.3% men.","two-person icon array filling up, then India's gap for contrast",23,family,Odisha,E-Odisha-23
496,E Gender,6,"Punjab: women vs men, sterilisation","In Punjab, women beat men on sterilisation: 21.7% women vs 0.6% men.","two-person icon array filling up, then India's gap for contrast",23,family,Punjab,E-Punjab-23
497,E Gender,6,"J&K: women vs men, sterilisation","In J&K, women beat men on sterilisation: 17.9% women vs 0.3% men.","two-person icon array filling up, then India's gap for contrast",23,family,Jammu and Kashmir,E-Jammu and Kashmir-23
498,E Gender,6,"Delhi: women vs men, sterilisation","In Delhi, women beat men on sterilisation: 14.7% women vs 0.4% men.","two-person icon array filling up, then India's gap for contrast",23,family,NCT of Delhi,E-NCT of Delhi-23
499,E Gender,6,"Andhra Pradesh: women vs men, sterilisation","In Andhra Pradesh, women beat men on sterilisation: 69.5% women vs 0.8% men.","two-person icon array filling up, then India's gap for contrast",23,family,Andhra Pradesh,E-Andhra Pradesh-23
500,E Gender,6,"Rajasthan: women vs men, sterilisation","In Rajasthan, women beat men on sterilisation: 37.2% women vs 0.4% men.","two-person icon array filling up, then India's gap for contrast",23,family,Rajasthan,E-Rajasthan-23
501,E Gender,6,"Tamil Nadu: women vs men, sterilisation","In Tamil Nadu, women beat men on sterilisation: 56.6% women vs 0.1% men.","two-person icon array filling up, then India's gap for contrast",23,family,Tamil Nadu,E-Tamil Nadu-23
502,E Gender,6,"Telangana: women vs men, sterilisation","In Telangana, women beat men on sterilisation: 62.5% women vs 3.6% men.","two-person icon array filling up, then India's gap for contrast",23,family,Telangana,E-Telangana-23
503,E Gender,6,"Tripura: women vs men, sterilisation","In Tripura, women beat men on sterilisation: 11.6% women vs 0.1% men.","two-person icon array filling up, then India's gap for contrast",23,family,Tripura,E-Tripura-23
504,E Gender,6,"Uttar Pradesh: women vs men, sterilisation","In Uttar Pradesh, women beat men on sterilisation: 17.0% women vs 0.1% men.","two-person icon array filling up, then India's gap for contrast",23,family,Uttar Pradesh,E-Uttar Pradesh-23
505,E Gender,6,"Uttarakhand: women vs men, sterilisation","In Uttarakhand, women beat men on sterilisation: 23.6% women vs 0.8% men.","two-person icon array filling up, then India's gap for contrast",23,family,Uttarakhand,E-Uttarakhand-23
506,E Gender,6,"West Bengal: women vs men, sterilisation","In West Bengal, women beat men on sterilisation: 27.5% women vs 0.2% men.","two-person icon array filling up, then India's gap for contrast",23,family,West Bengal,E-West Bengal-23
507,F Village vs city,6.0,"Andaman & Nicobar: villages vs cities, C-section births","In Andaman & Nicobar, c-section births is 21.7% in villages and 50.9% in cities.","map pin city vs village, two bars, then India's split",38,birth,Andaman and Nicobar Islands,F-Andaman and Nicobar Islands-38
508,F Village vs city,6.0,"DNH & Daman Diu: villages vs cities, Women with own mobile phone","In DNH & Daman Diu, women with own mobile phone is 52.0% in villages and 81.0% in cities.","map pin city vs village, two bars, then India's split",93,women,Dadra & Nagar Haveli and Daman & Diu,F-Dadra & Nagar Haveli and Daman & Diu-93
509,F Village vs city,6.0,"Andaman & Nicobar: villages vs cities, Women who use tobacco","In Andaman & Nicobar, women who use tobacco is 38.1% in villages and 10.4% in cities.","map pin city vs village, two bars, then India's split",98,tobacco,Andaman and Nicobar Islands,F-Andaman and Nicobar Islands-98
510,I Report card,6.0,Chandigarh: 5 records nobody talks about,Chandigarh ranks last in India for women who use tobacco. That's not even the strangest one.,5 rapid cards: last women who use tobacco; #1 overweight/obese men; last teen girls (15-19) already mothers; #1 men with 10+ years of school; #1 clean drinking water,98,tobacco,Chandigarh,I-Chandigarh
511,K South league,6.0,South India: Sexual violence before 18,"South India ranked on sexual violence before 18. Telangana 0.6%, Andhra Pradesh only 0.0%.",6 southern states race; Tamil Nadu highlighted; end 'Where's your state?',97,violence,Telangana; Kerala; Tamil Nadu; Karnataka; Puducherry; Andhra Pradesh,K-97
512,K South league,5.99,South India: Women & girls who ever went to school,"South India ranked on women & girls who ever went to school. Kerala 96.6%, Telangana only 60.2%.",6 southern states race; Tamil Nadu highlighted; end 'Where's your state?',9,education,Kerala; Puducherry; Tamil Nadu; Karnataka; Telangana,K-9
513,E Gender,5.97,"Uttarakhand: women vs men, tobacco","In Uttarakhand, men beat women on tobacco: 4.3% women vs 33.8% men.","two-person icon array filling up, then India's gap for contrast",98,tobacco,Uttarakhand,E-Uttarakhand-98
514,E Gender,5.96,"Gujarat: women vs men, alcohol","In Gujarat, men beat women on alcohol: 0.3% women vs 5.2% men.","two-person icon array filling up, then India's gap for contrast",100,alcohol,Gujarat,E-Gujarat-100
515,B Movers,5.95,Who changed most in 4 years: Population aged 60+,Ladakh: population aged 60+ went 8.9% → 14.6% in 4 years. DNH & Daman Diu went the other way: 6.9% → 6.0%.,before/after bars for 5 risers + 5 fallers; biggest faller DNH & Daman Diu 6.9% → 6.0%,3,people,Ladakh; Dadra & Nagar Haveli and Daman & Diu,B-3
516,D Rivals,5.92,Sikkim vs Arunachal Pradesh: C-sections in government hospitals,Sikkim 46.7% vs Arunachal Pradesh 16.7%: c-sections in government hospitals. Guess who wins.,"split screen, bars race up, Sikkim wins; India avg 16.9%; end: 'Which state should we compare next?'",40,birth,Sikkim; Arunachal Pradesh,D-Sikkim-Arunachal Pradesh-40
517,D Rivals,5.9,Karnataka vs Telangana: Vaccinated at private clinics,Karnataka 8.6% vs Telangana 2.6%: vaccinated at private clinics. Guess who wins.,"split screen, bars race up, Karnataka wins; India avg 3.1%; end: 'Which state should we compare next?'",56,vaccines,Karnataka; Telangana,D-Karnataka-Telangana-56
518,H Got worse,5.9,India got worse: Men: very high blood sugar,"In 4 years, men: very high blood sugar went from 7.1% to 10.9% across India. 30 states got worse.","national line up/down, then the worst 5 states light up on a map",82,sugar,,H-82
519,D Rivals,5.87,Tamil Nadu vs Gujarat: Underweight women,Tamil Nadu 12.1% vs Gujarat 23.6%: underweight women. Guess who wins.,"split screen, bars race up, Gujarat wins; India avg 19.7%; end: 'Which state should we compare next?'",74,body,Tamil Nadu; Gujarat,D-Tamil Nadu-Gujarat-74
520,F Village vs city,5.86,"Andaman & Nicobar: villages vs cities, Men who use tobacco","In Andaman & Nicobar, men who use tobacco is 61.9% in villages and 38.3% in cities.","map pin city vs village, two bars, then India's split",99,tobacco,Andaman and Nicobar Islands,F-Andaman and Nicobar Islands-99
521,F Village vs city,5.85,"DNH & Daman Diu: villages vs cities, Underweight children","In DNH & Daman Diu, underweight children is 52.8% in villages and 29.3% in cities.","map pin city vs village, two bars, then India's split",72,child nutrition,Dadra & Nagar Haveli and Daman & Diu,F-Dadra & Nagar Haveli and Daman & Diu-72
522,D Rivals,5.84,Mizoram vs Nagaland: Kids (2-4) in pre-school,Mizoram 40.2% vs Nagaland 15.1%: kids (2-4) in pre-school. Guess who wins.,"split screen, bars race up, Mizoram wins; India avg 47.0%; end: 'Which state should we compare next?'",11,education,Mizoram; Nagaland,D-Mizoram-Nagaland-11
523,E Gender,5.83,"Chhattisgarh: women vs men, alcohol","In Chhattisgarh, men beat women on alcohol: 5.7% women vs 38.3% men.","two-person icon array filling up, then India's gap for contrast",100,alcohol,Chhattisgarh,E-Chhattisgarh-100
524,D Rivals,5.81,Tamil Nadu vs Kerala: Born in government hospitals,Tamil Nadu 63.6% vs Kerala 34.3%: born in government hospitals. Guess who wins.,"split screen, bars race up, Tamil Nadu wins; India avg 58.6%; end: 'Which state should we compare next?'",36,birth,Tamil Nadu; Kerala,D-Tamil Nadu-Kerala-36
525,D Rivals,5.81,Mizoram vs Nagaland: Women sterilised,Mizoram 29.1% vs Nagaland 11.0%: women sterilised. Guess who wins.,"split screen, bars race up, Mizoram wins; India avg 36.5%; end: 'Which state should we compare next?'",23,family,Mizoram; Nagaland,D-Mizoram-Nagaland-23
526,E Gender,5.8,"Kerala: women vs men, tobacco","In Kerala, men beat women on tobacco: 2.2% women vs 15.9% men.","two-person icon array filling up, then India's gap for contrast",98,tobacco,Kerala,E-Kerala-98
527,I Report card,5.8,Goa: 5 records nobody talks about,Goa ranks #1 in India for men with high sugar (diabetes risk). That's not even the strangest one.,5 rapid cards: #1 men with high sugar (diabetes risk); #1 babies (6-23m) with an adequate diet; #1 women who have used the internet,83,sugar,Goa,I-Goa
528,I Report card,5.8,Andhra Pradesh: 5 records nobody talks about,Andhra Pradesh ranks last in India for sexual violence before 18. That's not even the strangest one.,5 rapid cards: last sexual violence before 18; last wives in household decisions; #1 women sterilised,97,violence,Andhra Pradesh,I-Andhra Pradesh
529,I Report card,5.8,Tripura: 5 records nobody talks about,Tripura ranks #1 in India for teen girls (15-19) already mothers. That's not even the strangest one.,5 rapid cards: #1 teen girls (15-19) already mothers; last women who have used the internet; last women with 10+ years of school,19,marriage,Tripura,I-Tripura
530,I Report card,5.8,West Bengal: 5 records nobody talks about,West Bengal ranks #1 in India for women married before 18. That's not even the strangest one.,5 rapid cards: #1 women married before 18; last men who have used the internet; #1 couples using family planning,16,marriage,West Bengal,I-West Bengal
531,K South league,5.8,South India: Violence during pregnancy,"South India ranked on violence during pregnancy. Tamil Nadu 3.0%, Kerala only 1.7%.",6 southern states race; Tamil Nadu highlighted; end 'Where's your state?',96,violence,Tamil Nadu; Karnataka; Telangana; Puducherry; Andhra Pradesh; Kerala,K-96
532,B Movers,5.78,Who changed most in 4 years: Underweight men,Rajasthan: underweight men went 14.0% → 24.7% in 4 years. Chandigarh went the other way: 15.1% → 7.0%.,before/after bars for 5 risers + 5 fallers; biggest faller Chandigarh 15.1% → 7.0%,75,body,Rajasthan; Chandigarh,B-75
533,E Gender,5.77,"Telangana: women vs men, alcohol","In Telangana, men beat women on alcohol: 7.1% women vs 43.9% men.","two-person icon array filling up, then India's gap for contrast",100,alcohol,Telangana,E-Telangana-100
534,H Got worse,5.75,India got worse: Underweight men,"In 4 years, underweight men went from 16.2% to 19.7% across India. 26 states got worse.","national line up/down, then the worst 5 states light up on a map",75,body,,H-75
535,D Rivals,5.74,Kerala vs Uttar Pradesh: Women sterilised,Kerala 42.3% vs Uttar Pradesh 17.0%: women sterilised. Guess who wins.,"split screen, bars race up, Kerala wins; India avg 36.5%; end: 'Which state should we compare next?'",23,family,Kerala; Uttar Pradesh,D-Kerala-Uttar Pradesh-23
536,E Gender,5.74,"Jharkhand: women vs men, tobacco","In Jharkhand, men beat women on tobacco: 7.5% women vs 45.2% men.","two-person icon array filling up, then India's gap for contrast",98,tobacco,Jharkhand,E-Jharkhand-98
537,E Gender,5.74,"Jharkhand: women vs men, alcohol","In Jharkhand, men beat women on alcohol: 5.5% women vs 33.6% men.","two-person icon array filling up, then India's gap for contrast",100,alcohol,Jharkhand,E-Jharkhand-100
538,F Village vs city,5.72,"Andaman & Nicobar: villages vs cities, Men who have used the internet","In Andaman & Nicobar, men who have used the internet is 76.4% in villages and 98.6% in cities.","map pin city vs village, two bars, then India's split",15,digital,Andaman and Nicobar Islands,F-Andaman and Nicobar Islands-15
539,K South league,5.72,South India: Severely wasted children,"South India ranked on severely wasted children. Puducherry 7.1%, Kerala only 2.6%.",6 southern states race; Tamil Nadu highlighted; end 'Where's your state?',71,child nutrition,Puducherry; Tamil Nadu; Karnataka; Telangana; Andhra Pradesh; Kerala,K-71
540,F Village vs city,5.68,"DNH & Daman Diu: villages vs cities, Homes with health insurance","In DNH & Daman Diu, homes with health insurance is 68.9% in villages and 47.1% in cities.","map pin city vs village, two bars, then India's split",7,home,Dadra & Nagar Haveli and Daman & Diu,F-Dadra & Nagar Haveli and Daman & Diu-7
541,E Gender,5.67,"Sikkim: women vs men, sterilisation","In Sikkim, women beat men on sterilisation: 11.7% women vs 1.8% men.","two-person icon array filling up, then India's gap for contrast",23,family,Sikkim,E-Sikkim-23
542,K South league,5.67,South India: Born in government hospitals,"South India ranked on born in government hospitals. Puducherry 76.1%, Kerala only 34.3%.",6 southern states race; Tamil Nadu highlighted; end 'Where's your state?',36,birth,Puducherry; Tamil Nadu; Karnataka; Telangana; Andhra Pradesh; Kerala,K-36
543,D Rivals,5.65,Maharashtra vs Tamil Nadu: Women: very high blood sugar,Maharashtra 7.8% vs Tamil Nadu 14.0%: women: very high blood sugar. Guess who wins.,"split screen, bars race up, Tamil Nadu wins; India avg 9.1%; end: 'Which state should we compare next?'",79,sugar,Maharashtra; Tamil Nadu,D-Maharashtra-Tamil Nadu-79
544,E Gender,5.65,"Gujarat: women vs men, tobacco","In Gujarat, men beat women on tobacco: 7.0% women vs 38.4% men.","two-person icon array filling up, then India's gap for contrast",98,tobacco,Gujarat,E-Gujarat-98
545,E Gender,5.64,"Rajasthan: women vs men, tobacco","In Rajasthan, men beat women on tobacco: 6.9% women vs 37.6% men.","two-person icon array filling up, then India's gap for contrast",98,tobacco,Rajasthan,E-Rajasthan-98
546,D Rivals,5.62,Mizoram vs Nagaland: Women: severe high BP,Mizoram 3.0% vs Nagaland 8.0%: women: severe high bp. Guess who wins.,"split screen, bars race up, Nagaland wins; India avg 4.8%; end: 'Which state should we compare next?'",85,bp,Mizoram; Nagaland,D-Mizoram-Nagaland-85
547,D Rivals,5.62,Sikkim vs Arunachal Pradesh: Kids (2-4) in pre-school,Sikkim 79.4% vs Arunachal Pradesh 34.7%: kids (2-4) in pre-school. Guess who wins.,"split screen, bars race up, Sikkim wins; India avg 47.0%; end: 'Which state should we compare next?'",11,education,Sikkim; Arunachal Pradesh,D-Sikkim-Arunachal Pradesh-11
548,E Gender,5.62,"DNH & Daman Diu: women vs men, overweight/obese","In DNH & Daman Diu, women beat men on overweight/obese: 29.0% women vs 25.7% men.","two-person icon array filling up, then India's gap for contrast",76,body,Dadra & Nagar Haveli and Daman & Diu,E-Dadra & Nagar Haveli and Daman & Diu-76
549,E Gender,5.61,"Puducherry: women vs men, overweight/obese","In Puducherry, women beat men on overweight/obese: 51.3% women vs 45.9% men.","two-person icon array filling up, then India's gap for contrast",76,body,Puducherry,E-Puducherry-76
550,D Rivals,5.6,Tamil Nadu vs Gujarat: Women: very high blood sugar,Tamil Nadu 14.0% vs Gujarat 8.0%: women: very high blood sugar. Guess who wins.,"split screen, bars race up, Tamil Nadu wins; India avg 9.1%; end: 'Which state should we compare next?'",79,sugar,Tamil Nadu; Gujarat,D-Tamil Nadu-Gujarat-79
551,D Rivals,5.6,Maharashtra vs Tamil Nadu: Men: very high blood sugar,Maharashtra 8.8% vs Tamil Nadu 15.3%: men: very high blood sugar. Guess who wins.,"split screen, bars race up, Tamil Nadu wins; India avg 10.9%; end: 'Which state should we compare next?'",82,sugar,Maharashtra; Tamil Nadu,D-Maharashtra-Tamil Nadu-82
552,E Gender,5.59,"Goa: women vs men, tobacco","In Goa, men beat women on tobacco: 3.1% women vs 17.1% men.","two-person icon array filling up, then India's gap for contrast",98,tobacco,Goa,E-Goa-98
553,F Village vs city,5.59,"Andaman & Nicobar: villages vs cities, Men who drink alcohol","In Andaman & Nicobar, men who drink alcohol is 40.7% in villages and 19.8% in cities.","map pin city vs village, two bars, then India's split",101,alcohol,Andaman and Nicobar Islands,F-Andaman and Nicobar Islands-101
554,D Rivals,5.58,Tamil Nadu vs Gujarat: Women sterilised,Tamil Nadu 56.6% vs Gujarat 33.9%: women sterilised. Guess who wins.,"split screen, bars race up, Tamil Nadu wins; India avg 36.5%; end: 'Which state should we compare next?'",23,family,Tamil Nadu; Gujarat,D-Tamil Nadu-Gujarat-23
555,D Rivals,5.57,Assam vs Meghalaya: Kids (2-4) in pre-school,Assam 52.9% vs Meghalaya 23.6%: kids (2-4) in pre-school. Guess who wins.,"split screen, bars race up, Assam wins; India avg 47.0%; end: 'Which state should we compare next?'",11,education,Assam; Meghalaya,D-Assam-Meghalaya-11
556,D Rivals,5.57,Tamil Nadu vs Gujarat: Women with 10+ years of school,Tamil Nadu 64.2% vs Gujarat 38.6%: women with 10+ years of school. Guess who wins.,"split screen, bars race up, Tamil Nadu wins; India avg 46.4%; end: 'Which state should we compare next?'",12,education,Tamil Nadu; Gujarat,D-Tamil Nadu-Gujarat-12
557,D Rivals,5.56,Punjab vs Haryana: C-sections in government hospitals,Punjab 34.2% vs Haryana 15.2%: c-sections in government hospitals. Guess who wins.,"split screen, bars race up, Punjab wins; India avg 16.9%; end: 'Which state should we compare next?'",40,birth,Punjab; Haryana,D-Punjab-Haryana-40
558,D Rivals,5.56,Maharashtra vs Tamil Nadu: C-sections in government hospitals,Maharashtra 23.8% vs Tamil Nadu 39.6%: c-sections in government hospitals. Guess who wins.,"split screen, bars race up, Tamil Nadu wins; India avg 16.9%; end: 'Which state should we compare next?'",40,birth,Maharashtra; Tamil Nadu,D-Maharashtra-Tamil Nadu-40
559,F Village vs city,5.55,"DNH & Daman Diu: villages vs cities, Women who have used the internet","In DNH & Daman Diu, women who have used the internet is 66.9% in villages and 87.4% in cities.","map pin city vs village, two bars, then India's split",14,digital,Dadra & Nagar Haveli and Daman & Diu,F-Dadra & Nagar Haveli and Daman & Diu-14
560,E Gender,5.54,"Chandigarh: women vs men, high blood sugar","In Chandigarh, women beat men on high blood sugar: 17.8% women vs 17.1% men.","two-person icon array filling up, then India's gap for contrast",80,sugar,Chandigarh,E-Chandigarh-80
561,D Rivals,5.53,Uttar Pradesh vs Bihar: Women sterilised,Uttar Pradesh 17.0% vs Bihar 37.6%: women sterilised. Guess who wins.,"split screen, bars race up, Bihar wins; India avg 36.5%; end: 'Which state should we compare next?'",23,family,Uttar Pradesh; Bihar,D-Uttar Pradesh-Bihar-23
562,E Gender,5.53,"Tripura: women vs men, alcohol","In Tripura, men beat women on alcohol: 6.0% women vs 29.5% men.","two-person icon array filling up, then India's gap for contrast",100,alcohol,Tripura,E-Tripura-100
563,D Rivals,5.52,Uttar Pradesh vs Rajasthan: Women sterilised,Uttar Pradesh 17.0% vs Rajasthan 37.2%: women sterilised. Guess who wins.,"split screen, bars race up, Rajasthan wins; India avg 36.5%; end: 'Which state should we compare next?'",23,family,Uttar Pradesh; Rajasthan,D-Uttar Pradesh-Rajasthan-23
564,D Rivals,5.51,Kerala vs Uttar Pradesh: Kids with diarrhoea,Kerala 5.6% vs Uttar Pradesh 13.0%: kids with diarrhoea. Guess who wins.,"split screen, bars race up, Uttar Pradesh wins; India avg 7.9%; end: 'Which state should we compare next?'",57,child health,Kerala; Uttar Pradesh,D-Kerala-Uttar Pradesh-57
565,E Gender,5.51,"Uttar Pradesh: women vs men, tobacco","In Uttar Pradesh, men beat women on tobacco: 9.6% women vs 45.2% men.","two-person icon array filling up, then India's gap for contrast",98,tobacco,Uttar Pradesh,E-Uttar Pradesh-98
566,F Village vs city,5.51,"Ladakh: villages vs cities, C-section births","In Ladakh, c-section births is 24.2% in villages and 44.3% in cities.","map pin city vs village, two bars, then India's split",38,birth,Ladakh,F-Ladakh-38
567,F Village vs city,5.51,"Puducherry: villages vs cities, Underweight children","In Puducherry, underweight children is 11.3% in villages and 31.4% in cities.","map pin city vs village, two bars, then India's split",72,child nutrition,Puducherry,F-Puducherry-72
568,B Movers,5.5,Who changed most in 4 years: Men: severe high BP,Himachal Pradesh: men: severe high bp went 4.9% → 5.8% in 4 years. Sikkim went the other way: 13.9% → 4.9%.,before/after bars for 5 risers + 5 fallers; biggest faller Sikkim 13.9% → 4.9%,88,bp,Himachal Pradesh; Sikkim,B-88
569,C Outlier,5.5,Guess the state: India's highest unmet need for spacing,One state is way off the chart on unmet need for spacing: 18.4%. Next closest: 7.3%. Guess it.,"quiz: 3 options, 3-second timer, reveal Meghalaya; India avg 4.5%",26,family,Meghalaya,C-26-top
570,E Gender,5.5,"Andhra Pradesh: women vs men, tobacco","In Andhra Pradesh, men beat women on tobacco: 3.8% women vs 18.8% men.","two-person icon array filling up, then India's gap for contrast",98,tobacco,Andhra Pradesh,E-Andhra Pradesh-98
571,F Village vs city,5.5,"Jharkhand: villages vs cities, Women with 10+ years of school","In Jharkhand, women with 10+ years of school is 33.1% in villages and 62.3% in cities.","map pin city vs village, two bars, then India's split",12,education,Jharkhand,F-Jharkhand-12
572,F Village vs city,5.5,"Madhya Pradesh: villages vs cities, Women with 10+ years of school","In Madhya Pradesh, women with 10+ years of school is 26.0% in villages and 54.0% in cities.","map pin city vs village, two bars, then India's split",12,education,Madhya Pradesh,F-Madhya Pradesh-12
573,F Village vs city,5.5,"Meghalaya: villages vs cities, Women with 10+ years of school","In Meghalaya, women with 10+ years of school is 30.6% in villages and 65.5% in cities.","map pin city vs village, two bars, then India's split",12,education,Meghalaya,F-Meghalaya-12
574,F Village vs city,5.5,"Mizoram: villages vs cities, Women with 10+ years of school","In Mizoram, women with 10+ years of school is 38.7% in villages and 70.6% in cities.","map pin city vs village, two bars, then India's split",12,education,Mizoram,F-Mizoram-12
575,F Village vs city,5.5,"Nagaland: villages vs cities, Women with 10+ years of school","In Nagaland, women with 10+ years of school is 35.8% in villages and 62.8% in cities.","map pin city vs village, two bars, then India's split",12,education,Nagaland,F-Nagaland-12
576,F Village vs city,5.5,"Tripura: villages vs cities, Women with 10+ years of school","In Tripura, women with 10+ years of school is 27.3% in villages and 53.9% in cities.","map pin city vs village, two bars, then India's split",12,education,Tripura,F-Tripura-12
577,F Village vs city,5.5,"Assam: villages vs cities, Men with 10+ years of school","In Assam, men with 10+ years of school is 38.2% in villages and 65.9% in cities.","map pin city vs village, two bars, then India's split",13,education,Assam,F-Assam-13
578,F Village vs city,5.5,"Meghalaya: villages vs cities, Men with 10+ years of school","In Meghalaya, men with 10+ years of school is 27.4% in villages and 72.8% in cities.","map pin city vs village, two bars, then India's split",13,education,Meghalaya,F-Meghalaya-13
579,F Village vs city,5.5,"Mizoram: villages vs cities, Men with 10+ years of school","In Mizoram, men with 10+ years of school is 39.2% in villages and 68.6% in cities.","map pin city vs village, two bars, then India's split",13,education,Mizoram,F-Mizoram-13
580,F Village vs city,5.5,"Nagaland: villages vs cities, Men with 10+ years of school","In Nagaland, men with 10+ years of school is 40.8% in villages and 68.1% in cities.","map pin city vs village, two bars, then India's split",13,education,Nagaland,F-Nagaland-13
581,F Village vs city,5.5,"Tripura: villages vs cities, Men with 10+ years of school","In Tripura, men with 10+ years of school is 32.1% in villages and 57.9% in cities.","map pin city vs village, two bars, then India's split",13,education,Tripura,F-Tripura-13
582,F Village vs city,5.5,"Tripura: villages vs cities, C-sections in government hospitals","In Tripura, c-sections in government hospitals is 21.8% in villages and 48.5% in cities.","map pin city vs village, two bars, then India's split",40,birth,Tripura,F-Tripura-40
583,F Village vs city,5.5,"Gujarat: villages vs cities, Hygienic period protection (15-24)","In Gujarat, hygienic period protection (15-24) is 55.7% in villages and 85.0% in cities.","map pin city vs village, two bars, then India's split",94,women,Gujarat,F-Gujarat-94
584,F Village vs city,5.5,"Madhya Pradesh: villages vs cities, Hygienic period protection (15-24)","In Madhya Pradesh, hygienic period protection (15-24) is 58.5% in villages and 87.7% in cities.","map pin city vs village, two bars, then India's split",94,women,Madhya Pradesh,F-Madhya Pradesh-94
585,A Countdown,5.49,Top 10 states: Population under 15,Which Indian state has the most population under 15? #1 is 35.6%.,10→1 bar countdown; India avg 25.5%; reveal #1 Bihar; flash last place Sikkim 15.8%,2,people,Bihar,A-2
586,B Movers,5.48,Who changed most in 4 years: Born in government hospitals,Nagaland: born in government hospitals went 35.8% → 44.7% in 4 years. Sikkim went the other way: 78.6% → 71.7%.,before/after bars for 5 risers + 5 fallers; biggest faller Sikkim 78.6% → 71.7%,36,birth,Nagaland; Sikkim,B-36
587,D Rivals,5.48,Goa vs Kerala: Underweight men,Goa 6.9% vs Kerala 15.5%: underweight men. Guess who wins.,"split screen, bars race up, Kerala wins; India avg 19.7%; end: 'Which state should we compare next?'",75,body,Goa; Kerala,D-Goa-Kerala-75
588,D Rivals,5.48,Kerala vs Goa: Underweight men,Kerala 15.5% vs Goa 6.9%: underweight men. Guess who wins.,"split screen, bars race up, Kerala wins; India avg 19.7%; end: 'Which state should we compare next?'",75,body,Kerala; Goa,D-Kerala-Goa-75
589,D Rivals,5.48,Tamil Nadu vs Gujarat: Born in government hospitals,Tamil Nadu 63.6% vs Gujarat 39.7%: born in government hospitals. Guess who wins.,"split screen, bars race up, Tamil Nadu wins; India avg 58.6%; end: 'Which state should we compare next?'",36,birth,Tamil Nadu; Gujarat,D-Tamil Nadu-Gujarat-36
590,B Movers,5.47,Who changed most in 4 years: Vaccinated at private clinics,Nagaland: vaccinated at private clinics went 4.1% → 12.9% in 4 years. Kerala went the other way: 12.3% → 4.6%.,before/after bars for 5 risers + 5 fallers; biggest faller Kerala 12.3% → 4.6%,56,vaccines,Nagaland; Kerala,B-56
591,D Rivals,5.47,Tamil Nadu vs Gujarat: Underweight men,Tamil Nadu 13.4% vs Gujarat 21.8%: underweight men. Guess who wins.,"split screen, bars race up, Gujarat wins; India avg 19.7%; end: 'Which state should we compare next?'",75,body,Tamil Nadu; Gujarat,D-Tamil Nadu-Gujarat-75
592,D Rivals,5.47,Tamil Nadu vs Gujarat: Men: very high blood sugar,Tamil Nadu 15.3% vs Gujarat 9.3%: men: very high blood sugar. Guess who wins.,"split screen, bars race up, Tamil Nadu wins; India avg 10.9%; end: 'Which state should we compare next?'",82,sugar,Tamil Nadu; Gujarat,D-Tamil Nadu-Gujarat-82
593,D Rivals,5.47,Kerala vs Uttar Pradesh: Exclusively breastfed (<6 months),Kerala 72.7% vs Uttar Pradesh 34.6%: exclusively breastfed (<6 months). Guess who wins.,"split screen, bars race up, Kerala wins; India avg 55.8%; end: 'Which state should we compare next?'",62,breastfeeding,Kerala; Uttar Pradesh,D-Kerala-Uttar Pradesh-62
594,D Rivals,5.46,Uttar Pradesh vs Rajasthan: Kids with diarrhoea,Uttar Pradesh 13.0% vs Rajasthan 5.8%: kids with diarrhoea. Guess who wins.,"split screen, bars race up, Uttar Pradesh wins; India avg 7.9%; end: 'Which state should we compare next?'",57,child health,Uttar Pradesh; Rajasthan,D-Uttar Pradesh-Rajasthan-57
595,D Rivals,5.46,Assam vs Meghalaya: Underweight men,Assam 15.7% vs Meghalaya 7.1%: underweight men. Guess who wins.,"split screen, bars race up, Assam wins; India avg 19.7%; end: 'Which state should we compare next?'",75,body,Assam; Meghalaya,D-Assam-Meghalaya-75
596,D Rivals,5.46,Kerala vs Uttar Pradesh: Women: very high blood sugar,Kerala 16.7% vs Uttar Pradesh 7.6%: women: very high blood sugar. Guess who wins.,"split screen, bars race up, Kerala wins; India avg 9.1%; end: 'Which state should we compare next?'",79,sugar,Kerala; Uttar Pradesh,D-Kerala-Uttar Pradesh-79
597,A Countdown,5.45,Top 10 states: Exclusively breastfed (<6 months),Which Indian state has the most exclusively breastfed (<6 months)? #1 is 75.8%.,10→1 bar countdown; India avg 55.8%; reveal #1 Chhattisgarh; flash last place Uttar Pradesh 34.6%,62,breastfeeding,Chhattisgarh,A-62
598,D Rivals,5.41,Tamil Nadu vs Kerala: Wasted children,Tamil Nadu 17.4% vs Kerala 10.9%: wasted children. Guess who wins.,"split screen, bars race up, Tamil Nadu wins; India avg 19.0%; end: 'Which state should we compare next?'",70,child nutrition,Tamil Nadu; Kerala,D-Tamil Nadu-Kerala-70
599,D Rivals,5.41,Kerala vs Uttar Pradesh: Women with 10+ years of school,Kerala 86.6% vs Uttar Pradesh 42.5%: women with 10+ years of school. Guess who wins.,"split screen, bars race up, Kerala wins; India avg 46.4%; end: 'Which state should we compare next?'",12,education,Kerala; Uttar Pradesh,D-Kerala-Uttar Pradesh-12
600,H Got worse,5.4,India got worse: Women: very high blood sugar,"In 4 years, women: very high blood sugar went from 6.3% to 9.1% across India. 32 states got worse.","national line up/down, then the worst 5 states light up on a map",79,sugar,,H-79
601,I Report card,5.4,Puducherry: 5 records nobody talks about,Puducherry ranks last in India for men who use tobacco. That's not even the strangest one.,5 rapid cards: last men who use tobacco; #1 overweight/obese women; last stunted children; #1 babies born in hospitals,99,tobacco,Puducherry,I-Puducherry
602,B Movers,5.38,Who changed most in 4 years: Clean drinking water,Assam: clean drinking water went 86.0% → 92.8% in 4 years. Nagaland went the other way: 91.0% → 82.7%.,before/after bars for 5 risers + 5 fallers; biggest faller Nagaland 91.0% → 82.7%,5,home,Assam; Nagaland,B-5
603,E Gender,5.38,"Madhya Pradesh: women vs men, tobacco","In Madhya Pradesh, men beat women on tobacco: 11.6% women vs 47.7% men.","two-person icon array filling up, then India's gap for contrast",98,tobacco,Madhya Pradesh,E-Madhya Pradesh-98
604,E Gender,5.38,"West Bengal: women vs men, tobacco","In West Bengal, men beat women on tobacco: 11.2% women vs 46.2% men.","two-person icon array filling up, then India's gap for contrast",98,tobacco,West Bengal,E-West Bengal-98
605,A Countdown,5.37,Top 10 states: Men: severe high BP,Which Indian state has the most men: severe high bp? #1 is 7.0%.,10→1 bar countdown; India avg 3.3%; reveal #1 Andaman & Nicobar; flash last place DNH & Daman Diu 1.9%,88,bp,Andaman and Nicobar Islands,A-88
606,F Village vs city,5.37,"Assam: villages vs cities, Women with 10+ years of school","In Assam, women with 10+ years of school is 34.1% in villages and 57.8% in cities.","map pin city vs village, two bars, then India's split",12,education,Assam,F-Assam-12
607,C Outlier,5.36,Guess the state: India's lowest children fully vaccinated,Every state has children fully vaccinated above 72.1%. Except one: 64.3%. Guess it.,"quiz: 3 options, 3-second timer, reveal Nagaland; India avg 82.6%",44,vaccines,Nagaland,C-44-bottom
608,D Rivals,5.36,Himachal Pradesh vs Uttarakhand: Kids with diarrhoea,Himachal Pradesh 4.6% vs Uttarakhand 10.0%: kids with diarrhoea. Guess who wins.,"split screen, bars race up, Uttarakhand wins; India avg 7.9%; end: 'Which state should we compare next?'",57,child health,Himachal Pradesh; Uttarakhand,D-Himachal Pradesh-Uttarakhand-57
609,B Movers,5.35,Who changed most in 4 years: Kids with diarrhoea,Uttar Pradesh: kids with diarrhoea went 5.6% → 13.0% in 4 years. Ladakh went the other way: 8.5% → 0.4%.,before/after bars for 5 risers + 5 fallers; biggest faller Ladakh 8.5% → 0.4%,57,child health,Uttar Pradesh; Ladakh,B-57
610,E Gender,5.35,"Assam: women vs men, alcohol","In Assam, men beat women on alcohol: 5.8% women vs 23.8% men.","two-person icon array filling up, then India's gap for contrast",100,alcohol,Assam,E-Assam-100
611,F Village vs city,5.34,"Puducherry: villages vs cities, Men with 10+ years of school","In Puducherry, men with 10+ years of school is 85.9% in villages and 77.5% in cities. Villages win.","map pin city vs village, two bars, then India's split",13,education,Puducherry,F-Puducherry-13
612,F Village vs city,5.34,"Karnataka: villages vs cities, Born in government hospitals","In Karnataka, born in government hospitals is 68.4% in villages and 45.0% in cities.","map pin city vs village, two bars, then India's split",36,birth,Karnataka,F-Karnataka-36
613,F Village vs city,5.31,"Gujarat: villages vs cities, Women with 10+ years of school","In Gujarat, women with 10+ years of school is 28.8% in villages and 51.9% in cities.","map pin city vs village, two bars, then India's split",12,education,Gujarat,F-Gujarat-12
614,D Rivals,5.29,Kerala vs Uttar Pradesh: Men: very high blood sugar,Kerala 18.9% vs Uttar Pradesh 9.5%: men: very high blood sugar. Guess who wins.,"split screen, bars race up, Kerala wins; India avg 10.9%; end: 'Which state should we compare next?'",82,sugar,Kerala; Uttar Pradesh,D-Kerala-Uttar Pradesh-82
615,F Village vs city,5.29,"Madhya Pradesh: villages vs cities, Men with 10+ years of school","In Madhya Pradesh, men with 10+ years of school is 35.6% in villages and 58.5% in cities.","map pin city vs village, two bars, then India's split",13,education,Madhya Pradesh,F-Madhya Pradesh-13
616,F Village vs city,5.29,"Nagaland: villages vs cities, Babies born in hospitals","In Nagaland, babies born in hospitals is 56.3% in villages and 79.2% in cities.","map pin city vs village, two bars, then India's split",35,birth,Nagaland,F-Nagaland-35
617,B Movers,5.28,Who changed most in 4 years: Underweight women,Rajasthan: underweight women went 19.6% → 27.3% in 4 years. Andaman & Nicobar went the other way: 9.4% → 3.1%.,before/after bars for 5 risers + 5 fallers; biggest faller Andaman & Nicobar 9.4% → 3.1%,74,body,Rajasthan; Andaman and Nicobar Islands,B-74
618,E Gender,5.28,"Karnataka: women vs men, tobacco","In Karnataka, men beat women on tobacco: 6.4% women vs 24.2% men.","two-person icon array filling up, then India's gap for contrast",98,tobacco,Karnataka,E-Karnataka-98
619,D Rivals,5.27,Delhi vs Haryana: Women sterilised,Delhi 14.7% vs Haryana 28.5%: women sterilised. Guess who wins.,"split screen, bars race up, Haryana wins; India avg 36.5%; end: 'Which state should we compare next?'",23,family,NCT of Delhi; Haryana,D-NCT of Delhi-Haryana-23
620,F Village vs city,5.24,"Maharashtra: villages vs cities, Exclusively breastfed (<6 months)","In Maharashtra, exclusively breastfed (<6 months) is 75.2% in villages and 52.8% in cities.","map pin city vs village, two bars, then India's split",62,breastfeeding,Maharashtra,F-Maharashtra-62
621,D Rivals,5.23,West Bengal vs Assam: Women: very high blood sugar,West Bengal 12.1% vs Assam 6.1%: women: very high blood sugar. Guess who wins.,"split screen, bars race up, West Bengal wins; India avg 9.1%; end: 'Which state should we compare next?'",79,sugar,West Bengal; Assam,D-West Bengal-Assam-79
622,E Gender,5.23,"Maharashtra: women vs men, tobacco","In Maharashtra, men beat women on tobacco: 8.8% women vs 31.3% men.","two-person icon array filling up, then India's gap for contrast",98,tobacco,Maharashtra,E-Maharashtra-98
623,E Gender,5.23,"Tamil Nadu: women vs men, tobacco","In Tamil Nadu, men beat women on tobacco: 4.8% women vs 17.7% men.","two-person icon array filling up, then India's gap for contrast",98,tobacco,Tamil Nadu,E-Tamil Nadu-98
624,D Rivals,5.22,Kerala vs Uttar Pradesh: Kids (2-4) in pre-school,Kerala 56.7% vs Uttar Pradesh 30.4%: kids (2-4) in pre-school. Guess who wins.,"split screen, bars race up, Kerala wins; India avg 47.0%; end: 'Which state should we compare next?'",11,education,Kerala; Uttar Pradesh,D-Kerala-Uttar Pradesh-11
625,E Gender,5.22,"Telangana: women vs men, tobacco","In Telangana, men beat women on tobacco: 5.9% women vs 21.1% men.","two-person icon array filling up, then India's gap for contrast",98,tobacco,Telangana,E-Telangana-98
626,B Movers,5.2,Who changed most in 4 years: Men: very high blood sugar,Karnataka: men: very high blood sugar went 7.6% → 14.8% in 4 years. Meghalaya went the other way: 4.2% → 2.8%.,before/after bars for 5 risers + 5 fallers; biggest faller Meghalaya 4.2% → 2.8%,82,sugar,Karnataka; Meghalaya,B-82
627,F Village vs city,5.19,"Andaman & Nicobar: villages vs cities, Women who have used the internet","In Andaman & Nicobar, women who have used the internet is 64.6% in villages and 81.5% in cities.","map pin city vs village, two bars, then India's split",14,digital,Andaman and Nicobar Islands,F-Andaman and Nicobar Islands-14
628,D Rivals,5.18,Punjab vs Haryana: Kids with diarrhoea,Punjab 5.5% vs Haryana 10.7%: kids with diarrhoea. Guess who wins.,"split screen, bars race up, Haryana wins; India avg 7.9%; end: 'Which state should we compare next?'",57,child health,Punjab; Haryana,D-Punjab-Haryana-57
629,F Village vs city,5.18,"Chhattisgarh: villages vs cities, Women with 10+ years of school","In Chhattisgarh, women with 10+ years of school is 37.3% in villages and 59.1% in cities.","map pin city vs village, two bars, then India's split",12,education,Chhattisgarh,F-Chhattisgarh-12
630,E Gender,5.17,"Karnataka: women vs men, child marriage","In Karnataka, women beat men on child marriage: 15.3% women vs 4.4% men.","two-person icon array filling up, then India's gap for contrast",16,marriage,Karnataka,E-Karnataka-16
631,D Rivals,5.16,Uttar Pradesh vs Bihar: Exclusively breastfed (<6 months),Uttar Pradesh 34.6% vs Bihar 62.5%: exclusively breastfed (<6 months). Guess who wins.,"split screen, bars race up, Bihar wins; India avg 55.8%; end: 'Which state should we compare next?'",62,breastfeeding,Uttar Pradesh; Bihar,D-Uttar Pradesh-Bihar-62
632,D Rivals,5.16,Kerala vs Uttar Pradesh: Underweight women,Kerala 12.0% vs Uttar Pradesh 22.2%: underweight women. Guess who wins.,"split screen, bars race up, Uttar Pradesh wins; India avg 19.7%; end: 'Which state should we compare next?'",74,body,Kerala; Uttar Pradesh,D-Kerala-Uttar Pradesh-74
633,D Rivals,5.15,West Bengal vs Assam: Men: very high blood sugar,West Bengal 14.3% vs Assam 7.6%: men: very high blood sugar. Guess who wins.,"split screen, bars race up, West Bengal wins; India avg 10.9%; end: 'Which state should we compare next?'",82,sugar,West Bengal; Assam,D-West Bengal-Assam-82
634,D Rivals,5.15,Goa vs Kerala: Women sterilised,Goa 23.4% vs Kerala 42.3%: women sterilised. Guess who wins.,"split screen, bars race up, Kerala wins; India avg 36.5%; end: 'Which state should we compare next?'",23,family,Goa; Kerala,D-Goa-Kerala-23
635,D Rivals,5.15,Kerala vs Goa: Women sterilised,Kerala 42.3% vs Goa 23.4%: women sterilised. Guess who wins.,"split screen, bars race up, Kerala wins; India avg 36.5%; end: 'Which state should we compare next?'",23,family,Kerala; Goa,D-Kerala-Goa-23
636,F Village vs city,5.15,"Telangana: villages vs cities, Women & girls who ever went to school","In Telangana, women & girls who ever went to school is 54.5% in villages and 76.0% in cities.","map pin city vs village, two bars, then India's split",9,education,Telangana,F-Telangana-9
637,F Village vs city,5.13,"Bihar: villages vs cities, Women with 10+ years of school","In Bihar, women with 10+ years of school is 30.6% in villages and 51.9% in cities.","map pin city vs village, two bars, then India's split",12,education,Bihar,F-Bihar-12
638,F Village vs city,5.13,"Telangana: villages vs cities, Women with 10+ years of school","In Telangana, women with 10+ years of school is 45.2% in villages and 66.5% in cities.","map pin city vs village, two bars, then India's split",12,education,Telangana,F-Telangana-12
639,F Village vs city,5.13,"DNH & Daman Diu: villages vs cities, Stunted children","In DNH & Daman Diu, stunted children is 45.0% in villages and 28.7% in cities.","map pin city vs village, two bars, then India's split",69,child nutrition,Dadra & Nagar Haveli and Daman & Diu,F-Dadra & Nagar Haveli and Daman & Diu-69
640,D Rivals,5.12,Rajasthan vs Gujarat: Born in government hospitals,Rajasthan 70.5% vs Gujarat 39.7%: born in government hospitals. Guess who wins.,"split screen, bars race up, Rajasthan wins; India avg 58.6%; end: 'Which state should we compare next?'",36,birth,Rajasthan; Gujarat,D-Rajasthan-Gujarat-36
641,D Rivals,5.11,Goa vs Kerala: Born in government hospitals,Goa 60.7% vs Kerala 34.3%: born in government hospitals. Guess who wins.,"split screen, bars race up, Goa wins; India avg 58.6%; end: 'Which state should we compare next?'",36,birth,Goa; Kerala,D-Goa-Kerala-36
642,D Rivals,5.11,Kerala vs Goa: Born in government hospitals,Kerala 34.3% vs Goa 60.7%: born in government hospitals. Guess who wins.,"split screen, bars race up, Goa wins; India avg 58.6%; end: 'Which state should we compare next?'",36,birth,Kerala; Goa,D-Kerala-Goa-36
643,F Village vs city,5.11,"Karnataka: villages vs cities, Women with 10+ years of school","In Karnataka, women with 10+ years of school is 48.3% in villages and 69.4% in cities.","map pin city vs village, two bars, then India's split",12,education,Karnataka,F-Karnataka-12
644,F Village vs city,5.11,"DNH & Daman Diu: villages vs cities, Overweight/obese women","In DNH & Daman Diu, overweight/obese women is 19.8% in villages and 35.9% in cities.","map pin city vs village, two bars, then India's split",76,body,Dadra & Nagar Haveli and Daman & Diu,F-Dadra & Nagar Haveli and Daman & Diu-76
645,B Movers,5.1,Who changed most in 4 years: Wives in household decisions,Ladakh: wives in household decisions went 80.4% → 93.0% in 4 years. Puducherry went the other way: 97.9% → 89.7%.,before/after bars for 5 risers + 5 fallers; biggest faller Puducherry 97.9% → 89.7%,90,women,Ladakh; Puducherry,B-90
646,D Rivals,5.1,Sikkim vs Arunachal Pradesh: Women sterilised,Sikkim 11.7% vs Arunachal Pradesh 21.1%: women sterilised. Guess who wins.,"split screen, bars race up, Arunachal Pradesh wins; India avg 36.5%; end: 'Which state should we compare next?'",23,family,Sikkim; Arunachal Pradesh,D-Sikkim-Arunachal Pradesh-23
647,A Countdown,5.08,Top 10 states: Couples using family planning,Which Indian state has the most couples using family planning? #1 is 79.8%.,10→1 bar countdown; India avg 69.1%; reveal #1 West Bengal; flash last place Meghalaya 42.1%,20,family,West Bengal,A-20
648,B Movers,5.08,Who changed most in 4 years: Women with 10+ years of school,Andaman & Nicobar: women with 10+ years of school went 52.5% → 65.0% in 4 years. Goa went the other way: 71.5% → 66.5%.,before/after bars for 5 risers + 5 fallers; biggest faller Goa 71.5% → 66.5%,12,education,Andaman and Nicobar Islands; Goa,B-12
649,F Village vs city,5.08,"Goa: villages vs cities, C-sections in government hospitals","In Goa, c-sections in government hospitals is 20.2% in villages and 41.0% in cities.","map pin city vs village, two bars, then India's split",40,birth,Goa,F-Goa-40
650,D Rivals,5.07,Mizoram vs Nagaland: Exclusively breastfed (<6 months),Mizoram 64.9% vs Nagaland 37.4%: exclusively breastfed (<6 months). Guess who wins.,"split screen, bars race up, Mizoram wins; India avg 55.8%; end: 'Which state should we compare next?'",62,breastfeeding,Mizoram; Nagaland,D-Mizoram-Nagaland-62
651,F Village vs city,5.07,"Sikkim: villages vs cities, Women with 10+ years of school","In Sikkim, women with 10+ years of school is 52.3% in villages and 73.0% in cities.","map pin city vs village, two bars, then India's split",12,education,Sikkim,F-Sikkim-12
652,F Village vs city,5.07,"Meghalaya: villages vs cities, Babies born in hospitals","In Meghalaya, babies born in hospitals is 63.3% in villages and 84.0% in cities.","map pin city vs village, two bars, then India's split",35,birth,Meghalaya,F-Meghalaya-35
653,F Village vs city,5.06,"Maharashtra: villages vs cities, Women with 10+ years of school","In Maharashtra, women with 10+ years of school is 46.5% in villages and 67.1% in cities.","map pin city vs village, two bars, then India's split",12,education,Maharashtra,F-Maharashtra-12
654,F Village vs city,5.06,"Arunachal Pradesh: villages vs cities, Exclusively breastfed (<6 months)","In Arunachal Pradesh, exclusively breastfed (<6 months) is 43.5% in villages and 64.1% in cities.","map pin city vs village, two bars, then India's split",62,breastfeeding,Arunachal Pradesh,F-Arunachal Pradesh-62
655,A Countdown,5.05,Top 10 states: Born in government hospitals,Which Indian state has the most born in government hospitals? #1 is 95.4%.,10→1 bar countdown; India avg 58.6%; reveal #1 Ladakh; flash last place Kerala 34.3%,36,birth,Ladakh,A-36
656,D Rivals,5.04,Kerala vs Uttar Pradesh: Wasted children,Kerala 10.9% vs Uttar Pradesh 19.2%: wasted children. Guess who wins.,"split screen, bars race up, Uttar Pradesh wins; India avg 19.0%; end: 'Which state should we compare next?'",70,child nutrition,Kerala; Uttar Pradesh,D-Kerala-Uttar Pradesh-70
657,F Village vs city,5.02,"Telangana: villages vs cities, Born in government hospitals","In Telangana, born in government hospitals is 62.8% in villages and 42.6% in cities.","map pin city vs village, two bars, then India's split",36,birth,Telangana,F-Telangana-36
658,D Rivals,5.01,Kerala vs Karnataka: Born in government hospitals,Kerala 34.3% vs Karnataka 58.1%: born in government hospitals. Guess who wins.,"split screen, bars race up, Karnataka wins; India avg 58.6%; end: 'Which state should we compare next?'",36,birth,Kerala; Karnataka,D-Kerala-Karnataka-36
659,D Rivals,5.01,Assam vs Meghalaya: Couples using family planning,Assam 71.0% vs Meghalaya 42.1%: couples using family planning. Guess who wins.,"split screen, bars race up, Assam wins; India avg 69.1%; end: 'Which state should we compare next?'",20,family,Assam; Meghalaya,D-Assam-Meghalaya-20
660,A Countdown,5,Top 10 states: Traditional family planning use,Which Indian state has the most traditional family planning use? #1 is 33.8%.,10→1 bar countdown; India avg 16.4%; reveal #1 Sikkim; flash last place Telangana 1.2%,22,family,Sikkim,A-22
661,A Countdown,5,Top 10 states: Unmet family-planning need,Which Indian state has the most unmet family-planning need? #1 is 21.0%.,10→1 bar countdown; India avg 8.5%; reveal #1 Meghalaya; flash last place Andhra Pradesh 4.4%,25,family,Meghalaya,A-25
662,A Countdown,5,Top 10 states: Unmet need for spacing,Which Indian state has the most unmet need for spacing? #1 is 18.4%.,10→1 bar countdown; India avg 4.5%; reveal #1 Meghalaya; flash last place Sikkim 2.2%,26,family,Meghalaya,A-26
663,A Countdown,5,Top 10 states: Iron-folic acid 180+ days,Which Indian state has the most iron-folic acid 180+ days? #1 is 83.7%.,10→1 bar countdown; India avg 37.8%; reveal #1 Kerala; flash last place Bihar 11.2%,33,pregnancy,Kerala,A-33
664,A Countdown,5,Top 10 states: Home-born babies checked in 24h,Which Indian state has the most home-born babies checked in 24h? #1 is 29.8%.,10→1 bar countdown; India avg 6.4%; reveal #1 Telangana; flash last place Uttarakhand 1.3%,42,birth,Telangana,A-42
665,A Countdown,5,"Top 10 states: Adequate diet (breastfed, 6-23m)","Which Indian state has the most adequate diet (breastfed, 6-23m)? #1 is 34.6%.",10→1 bar countdown; India avg 15.1%; reveal #1 Goa; flash last place Gujarat 7.8%,66,child diet,Goa,A-66
666,A Countdown,5,"Top 10 states: Adequate diet (not breastfed, 6-23m)","Which Indian state has the most adequate diet (not breastfed, 6-23m)? #1 is 43.0%.",10→1 bar countdown; India avg 16.3%; reveal #1 Kerala; flash last place Odisha 6.6%,67,child diet,Kerala,A-67
667,B Movers,5,Who changed most in 4 years: Modern family planning use,Mizoram: modern family planning use went 30.8% → 61.0% in 4 years. Goa went the other way: 60.1% → 39.0%.,before/after bars for 5 risers + 5 fallers; biggest faller Goa 60.1% → 39.0%,21,family,Mizoram; Goa,B-21
668,B Movers,5,Who changed most in 4 years: Traditional family planning use,Goa: traditional family planning use went 7.8% → 33.8% in 4 years. Delhi went the other way: 18.7% → 16.2%.,before/after bars for 5 risers + 5 fallers; biggest faller Delhi 18.7% → 16.2%,22,family,Goa; NCT of Delhi,B-22
669,B Movers,5,Who changed most in 4 years: Check-up in first 3 months of pregnancy,Goa: check-up in first 3 months of pregnancy went 70.3% → 92.1% in 4 years. Kerala went the other way: 93.6% → 85.5%.,before/after bars for 5 risers + 5 fallers; biggest faller Kerala 93.6% → 85.5%,28,pregnancy,Goa; Kerala,B-28
670,B Movers,5,Who changed most in 4 years: Mothers with any antenatal visit,Sikkim: mothers with any antenatal visit went 80.1% → 99.0% in 4 years. Chandigarh went the other way: 99.4% → 87.7%.,before/after bars for 5 risers + 5 fallers; biggest faller Chandigarh 99.4% → 87.7%,29,pregnancy,Sikkim; Chandigarh,B-29
671,B Movers,5,Who changed most in 4 years: Mothers with 4+ antenatal visits,Jharkhand: mothers with 4+ antenatal visits went 38.7% → 59.0% in 4 years. Andaman & Nicobar went the other way: 83.6% → 45.4%.,before/after bars for 5 risers + 5 fallers; biggest faller Andaman & Nicobar 83.6% → 45.4%,30,pregnancy,Jharkhand; Andaman and Nicobar Islands,B-30
672,B Movers,5,Who changed most in 4 years: Iron-folic acid 100+ days,Sikkim: iron-folic acid 100+ days went 54.7% → 89.3% in 4 years. Goa went the other way: 87.5% → 80.1%.,before/after bars for 5 risers + 5 fallers; biggest faller Goa 87.5% → 80.1%,32,pregnancy,Sikkim; Goa,B-32
673,B Movers,5,Who changed most in 4 years: Iron-folic acid 180+ days,Sikkim: iron-folic acid 180+ days went 31.5% → 73.4% in 4 years. Andaman & Nicobar went the other way: 52.1% → 35.0%.,before/after bars for 5 risers + 5 fallers; biggest faller Andaman & Nicobar 52.1% → 35.0%,33,pregnancy,Sikkim; Andaman and Nicobar Islands,B-33
674,B Movers,5,Who changed most in 4 years: Births with skilled staff,Nagaland: births with skilled staff went 55.3% → 74.4% in 4 years. DNH & Daman Diu went the other way: 97.8% → 94.4%.,before/after bars for 5 risers + 5 fallers; biggest faller DNH & Daman Diu 97.8% → 94.4%,37,birth,Nagaland; Dadra & Nagar Haveli and Daman & Diu,B-37
675,B Movers,5,Who changed most in 4 years: Babies checked within 2 days,Mizoram: babies checked within 2 days went 36.9% → 86.0% in 4 years. Puducherry went the other way: 95.7% → 92.5%.,before/after bars for 5 risers + 5 fallers; biggest faller Puducherry 95.7% → 92.5%,43,birth,Mizoram; Puducherry,B-43
676,B Movers,5,Who changed most in 4 years: Measles 2nd dose,Goa: measles 2nd dose went 33.0% → 88.3% in 4 years. Delhi went the other way: 73.5% → 61.7%.,before/after bars for 5 risers + 5 fallers; biggest faller Delhi 73.5% → 61.7%,51,vaccines,Goa; NCT of Delhi,B-51
677,B Movers,5,Who changed most in 4 years: Hepatitis B birth dose,Mizoram: hepatitis b birth dose went 59.8% → 88.4% in 4 years. Punjab went the other way: 85.8% → 80.8%.,before/after bars for 5 risers + 5 fallers; biggest faller Punjab 85.8% → 80.8%,52,vaccines,Mizoram; Punjab,B-52
678,B Movers,5,Who changed most in 4 years: Rotavirus (3 doses),Goa: rotavirus (3 doses) went 6.3% → 97.1% in 4 years. Odisha went the other way: 88.1% → 89.5%.,before/after bars for 5 risers + 5 fallers; biggest faller Odisha 88.1% → 89.5%,53,vaccines,Goa; Odisha,B-53
679,B Movers,5,Who changed most in 4 years: Vitamin A dose,Delhi: vitamin a dose went 52.9% → 75.7% in 4 years. Andaman & Nicobar went the other way: 86.0% → 64.0%.,before/after bars for 5 risers + 5 fallers; biggest faller Andaman & Nicobar 86.0% → 64.0%,54,vaccines,NCT of Delhi; Andaman and Nicobar Islands,B-54
680,B Movers,5,Who changed most in 4 years: Sick kids taken to a doctor,Punjab: sick kids taken to a doctor went 57.3% → 86.9% in 4 years. DNH & Daman Diu went the other way: 90.7% → 76.2%.,before/after bars for 5 risers + 5 fallers; biggest faller DNH & Daman Diu 90.7% → 76.2%,60,child health,Punjab; Dadra & Nagar Haveli and Daman & Diu,B-60
681,B Movers,5,Who changed most in 4 years: Breastfed within 1 hour of birth,Sikkim: breastfed within 1 hour of birth went 33.0% → 68.0% in 4 years. Chandigarh went the other way: 63.7% → 41.6%.,before/after bars for 5 risers + 5 fallers; biggest faller Chandigarh 63.7% → 41.6%,61,breastfeeding,Sikkim; Chandigarh,B-61
682,B Movers,5,Who changed most in 4 years: Solids + breastmilk at 6-8 months,Uttar Pradesh: solids + breastmilk at 6-8 months went 31.0% → 59.6% in 4 years. Delhi went the other way: 62.9% → 52.5%.,before/after bars for 5 risers + 5 fallers; biggest faller Delhi 62.9% → 52.5%,65,breastfeeding,Uttar Pradesh; NCT of Delhi,B-65
683,B Movers,5,"Who changed most in 4 years: Adequate diet (not breastfed, 6-23m)","Kerala: adequate diet (not breastfed, 6-23m) went 22.2% → 43.0% in 4 years. Odisha went the other way: 21.3% → 6.6%.",before/after bars for 5 risers + 5 fallers; biggest faller Odisha 21.3% → 6.6%,67,child diet,Kerala; Odisha,B-67
684,D Rivals,5.0,Punjab vs Himachal Pradesh: Wasted children,Punjab 18.0% vs Himachal Pradesh 10.4%: wasted children. Guess who wins.,"split screen, bars race up, Punjab wins; India avg 19.0%; end: 'Which state should we compare next?'",70,child nutrition,Punjab; Himachal Pradesh,D-Punjab-Himachal Pradesh-70
685,E Gender,5.0,"Chandigarh: women vs men, tobacco","In Chandigarh, men beat women on tobacco: 0.5% women vs 15.1% men.","two-person icon array filling up, then India's gap for contrast",98,tobacco,Chandigarh,E-Chandigarh-98
686,E Gender,5.0,"DNH & Daman Diu: women vs men, tobacco","In DNH & Daman Diu, men beat women on tobacco: 1.9% women vs 31.1% men.","two-person icon array filling up, then India's gap for contrast",98,tobacco,Dadra & Nagar Haveli and Daman & Diu,E-Dadra & Nagar Haveli and Daman & Diu-98
687,E Gender,5.0,"Ladakh: women vs men, tobacco","In Ladakh, men beat women on tobacco: 0.7% women vs 18.9% men.","two-person icon array filling up, then India's gap for contrast",98,tobacco,Ladakh,E-Ladakh-98
688,E Gender,5.0,"Chandigarh: women vs men, alcohol","In Chandigarh, men beat women on alcohol: 1.1% women vs 21.6% men.","two-person icon array filling up, then India's gap for contrast",100,alcohol,Chandigarh,E-Chandigarh-100
689,E Gender,5.0,"Puducherry: women vs men, alcohol","In Puducherry, men beat women on alcohol: 0.2% women vs 22.8% men.","two-person icon array filling up, then India's gap for contrast",100,alcohol,Puducherry,E-Puducherry-100
690,E Gender,5.0,"Andaman & Nicobar: women vs men, alcohol","In Andaman & Nicobar, men beat women on alcohol: 3.9% women vs 32.0% men.","two-person icon array filling up, then India's gap for contrast",100,alcohol,Andaman and Nicobar Islands,E-Andaman and Nicobar Islands-100
691,E Gender,5.0,"DNH & Daman Diu: women vs men, alcohol","In DNH & Daman Diu, men beat women on alcohol: 1.1% women vs 21.6% men.","two-person icon array filling up, then India's gap for contrast",100,alcohol,Dadra & Nagar Haveli and Daman & Diu,E-Dadra & Nagar Haveli and Daman & Diu-100
692,E Gender,5.0,"Ladakh: women vs men, alcohol","In Ladakh, men beat women on alcohol: 0.8% women vs 18.4% men.","two-person icon array filling up, then India's gap for contrast",100,alcohol,Ladakh,E-Ladakh-100
693,E Gender,5.0,"Chandigarh: women vs men, sterilisation","In Chandigarh, women beat men on sterilisation: 16.7% women vs 0.3% men.","two-person icon array filling up, then India's gap for contrast",23,family,Chandigarh,E-Chandigarh-23
694,E Gender,5.0,"Puducherry: women vs men, sterilisation","In Puducherry, women beat men on sterilisation: 53.0% women vs 0.9% men.","two-person icon array filling up, then India's gap for contrast",23,family,Puducherry,E-Puducherry-23
695,E Gender,5.0,"Andaman & Nicobar: women vs men, sterilisation","In Andaman & Nicobar, women beat men on sterilisation: 41.5% women vs 0.0% men.","two-person icon array filling up, then India's gap for contrast",23,family,Andaman and Nicobar Islands,E-Andaman and Nicobar Islands-23
696,E Gender,5.0,"DNH & Daman Diu: women vs men, sterilisation","In DNH & Daman Diu, women beat men on sterilisation: 36.2% women vs 0.2% men.","two-person icon array filling up, then India's gap for contrast",23,family,Dadra & Nagar Haveli and Daman & Diu,E-Dadra & Nagar Haveli and Daman & Diu-23
697,E Gender,5.0,"Ladakh: women vs men, sterilisation","In Ladakh, women beat men on sterilisation: 13.5% women vs 0.1% men.","two-person icon array filling up, then India's gap for contrast",23,family,Ladakh,E-Ladakh-23
698,D Rivals,4.99,Mizoram vs Nagaland: Born in government hospitals,Mizoram 74.7% vs Nagaland 44.7%: born in government hospitals. Guess who wins.,"split screen, bars race up, Mizoram wins; India avg 58.6%; end: 'Which state should we compare next?'",36,birth,Mizoram; Nagaland,D-Mizoram-Nagaland-36
699,D Rivals,4.99,Kerala vs Uttar Pradesh: Men with 10+ years of school,Kerala 82.1% vs Uttar Pradesh 49.1%: men with 10+ years of school. Guess who wins.,"split screen, bars race up, Kerala wins; India avg 54.6%; end: 'Which state should we compare next?'",13,education,Kerala; Uttar Pradesh,D-Kerala-Uttar Pradesh-13
700,F Village vs city,4.99,"J&K: villages vs cities, Women with 10+ years of school","In J&K, women with 10+ years of school is 45.7% in villages and 65.6% in cities.","map pin city vs village, two bars, then India's split",12,education,Jammu and Kashmir,F-Jammu and Kashmir-12
701,D Rivals,4.98,Kerala vs Karnataka: Wasted children,Kerala 10.9% vs Karnataka 18.7%: wasted children. Guess who wins.,"split screen, bars race up, Karnataka wins; India avg 19.0%; end: 'Which state should we compare next?'",70,child nutrition,Kerala; Karnataka,D-Kerala-Karnataka-70
702,A Countdown,4.97,Top 10 states: Women & girls who ever went to school,Which Indian state has the most women & girls who ever went to school? #1 is 96.6%.,10→1 bar countdown; India avg 73.7%; reveal #1 Kerala; flash last place Telangana 60.2%,9,education,Kerala,A-9
703,D Rivals,4.97,Assam vs Meghalaya: Underweight women,Assam 15.6% vs Meghalaya 9.1%: underweight women. Guess who wins.,"split screen, bars race up, Assam wins; India avg 19.7%; end: 'Which state should we compare next?'",74,body,Assam; Meghalaya,D-Assam-Meghalaya-74
704,D Rivals,4.97,Sikkim vs Arunachal Pradesh: Wasted children,Sikkim 9.4% vs Arunachal Pradesh 16.1%: wasted children. Guess who wins.,"split screen, bars race up, Arunachal Pradesh wins; India avg 19.0%; end: 'Which state should we compare next?'",70,child nutrition,Sikkim; Arunachal Pradesh,D-Sikkim-Arunachal Pradesh-70
705,F Village vs city,4.97,"Sikkim: villages vs cities, Men with 10+ years of school","In Sikkim, men with 10+ years of school is 48.0% in villages and 67.7% in cities.","map pin city vs village, two bars, then India's split",13,education,Sikkim,F-Sikkim-13
706,F Village vs city,4.97,"Sikkim: villages vs cities, Born in government hospitals","In Sikkim, born in government hospitals is 76.0% in villages and 56.3% in cities.","map pin city vs village, two bars, then India's split",36,birth,Sikkim,F-Sikkim-36
707,C Outlier,4.96,Guess the state: India's highest unmet family-planning need,One state is way off the chart on unmet family-planning need: 21.0%. Next closest: 14.4%. Guess it.,"quiz: 3 options, 3-second timer, reveal Meghalaya; India avg 8.5%",25,family,Meghalaya,C-25-top
708,C Outlier,4.95,Guess the state: India's lowest protected against neonatal tetanus,Every state has protected against neonatal tetanus above 87.3%. Except one: 78.0%. Guess it.,"quiz: 3 options, 3-second timer, reveal Nagaland; India avg 93.8%",31,pregnancy,Nagaland,C-31-bottom
709,B Movers,4.93,Who changed most in 4 years: Women: very high blood sugar,Karnataka: women: very high blood sugar went 6.8% → 12.4% in 4 years. Chandigarh went the other way: 12.0% → 10.0%.,before/after bars for 5 risers + 5 fallers; biggest faller Chandigarh 12.0% → 10.0%,79,sugar,Karnataka; Chandigarh,B-79
710,D Rivals,4.93,West Bengal vs Assam: C-sections in government hospitals,West Bengal 28.8% vs Assam 17.4%: c-sections in government hospitals. Guess who wins.,"split screen, bars race up, West Bengal wins; India avg 16.9%; end: 'Which state should we compare next?'",40,birth,West Bengal; Assam,D-West Bengal-Assam-40
711,D Rivals,4.92,Maharashtra vs Karnataka: Men: very high blood sugar,Maharashtra 8.8% vs Karnataka 14.8%: men: very high blood sugar. Guess who wins.,"split screen, bars race up, Karnataka wins; India avg 10.9%; end: 'Which state should we compare next?'",82,sugar,Maharashtra; Karnataka,D-Maharashtra-Karnataka-82
712,D Rivals,4.91,Uttar Pradesh vs Bihar: Kids with diarrhoea,Uttar Pradesh 13.0% vs Bihar 7.7%: kids with diarrhoea. Guess who wins.,"split screen, bars race up, Uttar Pradesh wins; India avg 7.9%; end: 'Which state should we compare next?'",57,child health,Uttar Pradesh; Bihar,D-Uttar Pradesh-Bihar-57
713,A Countdown,4.9,Top 10 states: Hygienic period protection (15-24),Which Indian state has the most hygienic period protection (15-24)? #1 is 99.1%.,10→1 bar countdown; India avg 79.2%; reveal #1 Sikkim; flash last place Bihar 63.0%,94,women,Sikkim,A-94
714,F Village vs city,4.9,"Madhya Pradesh: villages vs cities, Women & girls who ever went to school","In Madhya Pradesh, women & girls who ever went to school is 64.9% in villages and 83.9% in cities.","map pin city vs village, two bars, then India's split",9,education,Madhya Pradesh,F-Madhya Pradesh-9
715,F Village vs city,4.9,"Rajasthan: villages vs cities, Women with 10+ years of school","In Rajasthan, women with 10+ years of school is 33.9% in villages and 52.9% in cities.","map pin city vs village, two bars, then India's split",12,education,Rajasthan,F-Rajasthan-12
716,A Countdown,4.89,Top 10 states: Men with 10+ years of school,Which Indian state has the most men with 10+ years of school? #1 is 88.4%.,10→1 bar countdown; India avg 54.6%; reveal #1 Chandigarh; flash last place Meghalaya 35.9%,13,education,Chandigarh,A-13
717,D Rivals,4.88,Andhra Pradesh vs Telangana: Underweight women,Andhra Pradesh 10.8% vs Telangana 17.7%: underweight women. Guess who wins.,"split screen, bars race up, Telangana wins; India avg 19.7%; end: 'Which state should we compare next?'",74,body,Andhra Pradesh; Telangana,D-Andhra Pradesh-Telangana-74
718,F Village vs city,4.87,"Uttar Pradesh: villages vs cities, Born in government hospitals","In Uttar Pradesh, born in government hospitals is 55.3% in villages and 36.6% in cities.","map pin city vs village, two bars, then India's split",36,birth,Uttar Pradesh,F-Uttar Pradesh-36
719,D Rivals,4.86,Assam vs Meghalaya: Wasted children,Assam 21.4% vs Meghalaya 13.2%: wasted children. Guess who wins.,"split screen, bars race up, Assam wins; India avg 19.0%; end: 'Which state should we compare next?'",70,child nutrition,Assam; Meghalaya,D-Assam-Meghalaya-70
720,B Movers,4.85,Who changed most in 4 years: Wasted children,Chandigarh: wasted children went 8.4% → 19.5% in 4 years. Nagaland went the other way: 19.1% → 8.9%.,before/after bars for 5 risers + 5 fallers; biggest faller Nagaland 19.1% → 8.9%,70,child nutrition,Chandigarh; Nagaland,B-70
721,D Rivals,4.82,Himachal Pradesh vs Uttarakhand: C-sections in government hospitals,Himachal Pradesh 23.3% vs Uttarakhand 14.7%: c-sections in government hospitals. Guess who wins.,"split screen, bars race up, Himachal Pradesh wins; India avg 16.9%; end: 'Which state should we compare next?'",40,birth,Himachal Pradesh; Uttarakhand,D-Himachal Pradesh-Uttarakhand-40
722,F Village vs city,4.82,"Jharkhand: villages vs cities, Women & girls who ever went to school","In Jharkhand, women & girls who ever went to school is 64.2% in villages and 82.4% in cities.","map pin city vs village, two bars, then India's split",9,education,Jharkhand,F-Jharkhand-9
723,F Village vs city,4.81,"Jharkhand: villages vs cities, Men with 10+ years of school","In Jharkhand, men with 10+ years of school is 46.8% in villages and 64.9% in cities.","map pin city vs village, two bars, then India's split",13,education,Jharkhand,F-Jharkhand-13
724,F Village vs city,4.81,"Madhya Pradesh: villages vs cities, Women sterilised","In Madhya Pradesh, women sterilised is 52.6% in villages and 34.5% in cities.","map pin city vs village, two bars, then India's split",23,family,Madhya Pradesh,F-Madhya Pradesh-23
725,F Village vs city,4.81,"Meghalaya: villages vs cities, Hygienic period protection (15-24)","In Meghalaya, hygienic period protection (15-24) is 65.5% in villages and 83.6% in cities.","map pin city vs village, two bars, then India's split",94,women,Meghalaya,F-Meghalaya-94
726,B Movers,4.8,Who changed most in 4 years: Women & girls who ever went to school,Karnataka: women & girls who ever went to school went 73.0% → 77.8% in 4 years. Meghalaya went the other way: 85.9% → 82.6%.,before/after bars for 5 risers + 5 fallers; biggest faller Meghalaya 85.9% → 82.6%,9,education,Karnataka; Meghalaya,B-9
727,F Village vs city,4.8,"Maharashtra: villages vs cities, Women sterilised","In Maharashtra, women sterilised is 56.4% in villages and 38.4% in cities.","map pin city vs village, two bars, then India's split",23,family,Maharashtra,F-Maharashtra-23
728,C Outlier,4.79,Guess the state: India's lowest vaccinated at government centres,Every state has vaccinated at government centres above 90.9%. Except one: 83.7%. Guess it.,"quiz: 3 options, 3-second timer, reveal Nagaland; India avg 95.6%",55,vaccines,Nagaland,C-55-bottom
729,C Outlier,4.79,Guess the state: India's highest men: severe high bp,One state is way off the chart on men: severe high bp: 7.0%. Next closest: 5.8%. Guess it.,"quiz: 3 options, 3-second timer, reveal Andaman & Nicobar; India avg 3.3%",88,bp,Andaman and Nicobar Islands,C-88-top
730,F Village vs city,4.79,"Arunachal Pradesh: villages vs cities, Women with 10+ years of school","In Arunachal Pradesh, women with 10+ years of school is 44.2% in villages and 62.1% in cities.","map pin city vs village, two bars, then India's split",12,education,Arunachal Pradesh,F-Arunachal Pradesh-12
731,F Village vs city,4.75,"Andhra Pradesh: villages vs cities, Women with 10+ years of school","In Andhra Pradesh, women with 10+ years of school is 42.5% in villages and 60.0% in cities.","map pin city vs village, two bars, then India's split",12,education,Andhra Pradesh,F-Andhra Pradesh-12
732,F Village vs city,4.75,"Chhattisgarh: villages vs cities, Hygienic period protection (15-24)","In Chhattisgarh, hygienic period protection (15-24) is 69.2% in villages and 86.7% in cities.","map pin city vs village, two bars, then India's split",94,women,Chhattisgarh,F-Chhattisgarh-94
733,F Village vs city,4.73,"West Bengal: villages vs cities, Women with 10+ years of school","In West Bengal, women with 10+ years of school is 34.8% in villages and 52.1% in cities.","map pin city vs village, two bars, then India's split",12,education,West Bengal,F-West Bengal-12
734,F Village vs city,4.73,"Gujarat: villages vs cities, Women sterilised","In Gujarat, women sterilised is 41.3% in villages and 24.0% in cities.","map pin city vs village, two bars, then India's split",23,family,Gujarat,F-Gujarat-23
735,F Village vs city,4.73,"Rajasthan: villages vs cities, C-sections in government hospitals","In Rajasthan, c-sections in government hospitals is 7.4% in villages and 24.7% in cities.","map pin city vs village, two bars, then India's split",40,birth,Rajasthan,F-Rajasthan-40
736,F Village vs city,4.7,"Odisha: villages vs cities, Women with 10+ years of school","In Odisha, women with 10+ years of school is 41.1% in villages and 58.1% in cities.","map pin city vs village, two bars, then India's split",12,education,Odisha,F-Odisha-12
737,F Village vs city,4.7,"Chhattisgarh: villages vs cities, C-sections in government hospitals","In Chhattisgarh, c-sections in government hospitals is 9.9% in villages and 26.9% in cities.","map pin city vs village, two bars, then India's split",40,birth,Chhattisgarh,F-Chhattisgarh-40
738,F Village vs city,4.69,"Tripura: villages vs cities, Children fully vaccinated","In Tripura, children fully vaccinated is 72.1% in villages and 89.0% in cities.","map pin city vs village, two bars, then India's split",44,vaccines,Tripura,F-Tripura-44
739,F Village vs city,4.68,"Arunachal Pradesh: villages vs cities, Women & girls who ever went to school","In Arunachal Pradesh, women & girls who ever went to school is 63.3% in villages and 80.1% in cities.","map pin city vs village, two bars, then India's split",9,education,Arunachal Pradesh,F-Arunachal Pradesh-9
740,F Village vs city,4.68,"Gujarat: villages vs cities, Women & girls who ever went to school","In Gujarat, women & girls who ever went to school is 69.3% in villages and 86.1% in cities.","map pin city vs village, two bars, then India's split",9,education,Gujarat,F-Gujarat-9
741,F Village vs city,4.67,"Jharkhand: villages vs cities, Babies born in hospitals","In Jharkhand, babies born in hospitals is 75.0% in villages and 91.7% in cities.","map pin city vs village, two bars, then India's split",35,birth,Jharkhand,F-Jharkhand-35
742,F Village vs city,4.66,"Uttar Pradesh: villages vs cities, Women with 10+ years of school","In Uttar Pradesh, women with 10+ years of school is 38.6% in villages and 55.2% in cities.","map pin city vs village, two bars, then India's split",12,education,Uttar Pradesh,F-Uttar Pradesh-12
743,B Movers,4.63,Who changed most in 4 years: Mothers checked within 2 days,Sikkim: mothers checked within 2 days went 69.3% → 85.1% in 4 years. Tripura went the other way: 71.9% → 68.1%.,before/after bars for 5 risers + 5 fallers; biggest faller Tripura 71.9% → 68.1%,41,birth,Sikkim; Tripura,B-41
744,F Village vs city,4.63,"Rajasthan: villages vs cities, Men with 10+ years of school","In Rajasthan, men with 10+ years of school is 51.2% in villages and 67.5% in cities.","map pin city vs village, two bars, then India's split",13,education,Rajasthan,F-Rajasthan-13
745,F Village vs city,4.63,"Jharkhand: villages vs cities, Born in government hospitals","In Jharkhand, born in government hospitals is 57.0% in villages and 40.7% in cities.","map pin city vs village, two bars, then India's split",36,birth,Jharkhand,F-Jharkhand-36
746,F Village vs city,4.62,"Mizoram: villages vs cities, Exclusively breastfed (<6 months)","In Mizoram, exclusively breastfed (<6 months) is 71.4% in villages and 55.2% in cities.","map pin city vs village, two bars, then India's split",62,breastfeeding,Mizoram,F-Mizoram-62
747,F Village vs city,4.62,"Assam: villages vs cities, Hygienic period protection (15-24)","In Assam, hygienic period protection (15-24) is 73.5% in villages and 89.7% in cities.","map pin city vs village, two bars, then India's split",94,women,Assam,F-Assam-94
748,F Village vs city,4.62,"Karnataka: villages vs cities, Hygienic period protection (15-24)","In Karnataka, hygienic period protection (15-24) is 77.4% in villages and 93.6% in cities.","map pin city vs village, two bars, then India's split",94,women,Karnataka,F-Karnataka-94
749,F Village vs city,4.62,"J&K: villages vs cities, Hygienic period protection (15-24)","In J&K, hygienic period protection (15-24) is 79.3% in villages and 95.5% in cities.","map pin city vs village, two bars, then India's split",94,women,Jammu and Kashmir,F-Jammu and Kashmir-94
750,A Countdown,4.61,Top 10 states: Wasted children,Which Indian state has the most wasted children? #1 is 24.2%.,10→1 bar countdown; India avg 19.0%; reveal #1 DNH & Daman Diu; flash last place Mizoram 8.1%,70,child nutrition,Dadra & Nagar Haveli and Daman & Diu,A-70
751,F Village vs city,4.61,"J&K: villages vs cities, C-sections in government hospitals","In J&K, c-sections in government hospitals is 46.1% in villages and 62.2% in cities.","map pin city vs village, two bars, then India's split",40,birth,Jammu and Kashmir,F-Jammu and Kashmir-40
752,F Village vs city,4.6,"Tamil Nadu: villages vs cities, Born in government hospitals","In Tamil Nadu, born in government hospitals is 70.2% in villages and 54.2% in cities.","map pin city vs village, two bars, then India's split",36,birth,Tamil Nadu,F-Tamil Nadu-36
753,F Village vs city,4.6,"Goa: villages vs cities, Underweight men","In Goa, underweight men is 16.0% in villages and 0.0% in cities.","map pin city vs village, two bars, then India's split",75,body,Goa,F-Goa-75
754,C Outlier,4.59,Guess the state: India's lowest homes using iodised salt,Every state has homes using iodised salt above 92.4%. Except one: 86.5%. Guess it.,"quiz: 3 options, 3-second timer, reveal Uttar Pradesh; India avg 94.2%",6,home,Uttar Pradesh,C-6-bottom
755,F Village vs city,4.58,"Andhra Pradesh: villages vs cities, Born in government hospitals","In Andhra Pradesh, born in government hospitals is 50.5% in villages and 34.7% in cities.","map pin city vs village, two bars, then India's split",36,birth,Andhra Pradesh,F-Andhra Pradesh-36
756,F Village vs city,4.58,"Uttar Pradesh: villages vs cities, Hygienic period protection (15-24)","In Uttar Pradesh, hygienic period protection (15-24) is 65.9% in villages and 81.7% in cities.","map pin city vs village, two bars, then India's split",94,women,Uttar Pradesh,F-Uttar Pradesh-94
757,F Village vs city,4.57,"Chhattisgarh: villages vs cities, Men with 10+ years of school","In Chhattisgarh, men with 10+ years of school is 43.3% in villages and 59.0% in cities.","map pin city vs village, two bars, then India's split",13,education,Chhattisgarh,F-Chhattisgarh-13
758,F Village vs city,4.56,"Gujarat: villages vs cities, Underweight women","In Gujarat, underweight women is 30.1% in villages and 14.5% in cities.","map pin city vs village, two bars, then India's split",74,body,Gujarat,F-Gujarat-74
759,F Village vs city,4.56,"Tripura: villages vs cities, Hygienic period protection (15-24)","In Tripura, hygienic period protection (15-24) is 80.0% in villages and 95.6% in cities.","map pin city vs village, two bars, then India's split",94,women,Tripura,F-Tripura-94
760,B Movers,4.55,Who changed most in 4 years: Women: severe high BP,J&K: women: severe high bp went 3.0% → 5.2% in 4 years. Sikkim went the other way: 11.8% → 8.5%.,before/after bars for 5 risers + 5 fallers; biggest faller Sikkim 11.8% → 8.5%,85,bp,Jammu and Kashmir; Sikkim,B-85
761,C Outlier,4.55,Guess the state: India's lowest homes with a bank account,Every state has homes with a bank account above 96.0%. Except one: 93.5%. Guess it.,"quiz: 3 options, 3-second timer, reveal Meghalaya; India avg 98.2%",8,home,Meghalaya,C-8-bottom
762,F Village vs city,4.54,"Assam: villages vs cities, Born in government hospitals","In Assam, born in government hospitals is 76.9% in villages and 61.5% in cities.","map pin city vs village, two bars, then India's split",36,birth,Assam,F-Assam-36
763,F Village vs city,4.52,"Meghalaya: villages vs cities, Vaccinated at private clinics","In Meghalaya, vaccinated at private clinics is 1.3% in villages and 16.5% in cities.","map pin city vs village, two bars, then India's split",56,vaccines,Meghalaya,F-Meghalaya-56
764,A Countdown,4.51,Top 10 states: Iron-folic acid 100+ days,Which Indian state has the most iron-folic acid 100+ days? #1 is 92.0%.,10→1 bar countdown; India avg 54.9%; reveal #1 Kerala; flash last place Bihar 21.9%,32,pregnancy,Kerala,A-32
765,A Countdown,4.5,Top 10 states: Women: mild high BP,Which Indian state has the most women: mild high bp? #1 is 18.7%.,10→1 bar countdown; India avg 9.4%; reveal #1 Sikkim; flash last place Uttar Pradesh 5.7%,84,bp,Sikkim,A-84
766,A Countdown,4.48,Top 10 states: Unmet need for limiting,Which Indian state has the most unmet need for limiting? #1 is 7.1%.,10→1 bar countdown; India avg 4.0%; reveal #1 Bihar; flash last place Mizoram 0.9%,27,family,Bihar,A-27
767,B Movers,4.4,"Who changed most in 4 years: Adequate diet (breastfed, 6-23m)","Goa: adequate diet (breastfed, 6-23m) went 20.2% → 34.6% in 4 years. Meghalaya went the other way: 28.7% → 16.3%.",before/after bars for 5 risers + 5 fallers; biggest faller Meghalaya 28.7% → 16.3%,66,child diet,Goa; Meghalaya,B-66
768,F Village vs city,4.39,"Andaman & Nicobar: villages vs cities, Born in government hospitals","In Andaman & Nicobar, born in government hospitals is 97.4% in villages and 73.5% in cities.","map pin city vs village, two bars, then India's split",36,birth,Andaman and Nicobar Islands,F-Andaman and Nicobar Islands-36
769,B Movers,4.37,Who changed most in 4 years: Homes using iodised salt,Andhra Pradesh: homes using iodised salt went 83.1% → 97.3% in 4 years. Uttar Pradesh went the other way: 92.2% → 86.5%.,before/after bars for 5 risers + 5 fallers; biggest faller Uttar Pradesh 92.2% → 86.5%,6,home,Andhra Pradesh; Uttar Pradesh,B-6
770,B Movers,4.37,Who changed most in 4 years: Home-born babies checked in 24h,Telangana: home-born babies checked in 24h went 15.6% → 29.8% in 4 years. Himachal Pradesh went the other way: 7.6% → 5.0%.,before/after bars for 5 risers + 5 fallers; biggest faller Himachal Pradesh 7.6% → 5.0%,42,birth,Telangana; Himachal Pradesh,B-42
771,A Countdown,4.34,Top 10 states: Solids + breastmilk at 6-8 months,Which Indian state has the most solids + breastmilk at 6-8 months? #1 is 79.3%.,10→1 bar countdown; India avg 59.5%; reveal #1 Kerala; flash last place DNH & Daman Diu 8.5%,65,breastfeeding,Kerala,A-65
772,A Countdown,4.33,Top 10 states: Wives in household decisions,Which Indian state has the most wives in household decisions? #1 is 98.9%.,10→1 bar countdown; India avg 89.0%; reveal #1 Nagaland; flash last place Andhra Pradesh 84.0%,90,women,Nagaland,A-90
773,B Movers,4.33,Who changed most in 4 years: Sexual violence before 18,Uttarakhand: sexual violence before 18 went 0.3% → 1.1% in 4 years. Karnataka went the other way: 2.1% → 0.1%.,before/after bars for 5 risers + 5 fallers; biggest faller Karnataka 2.1% → 0.1%,97,violence,Uttarakhand; Karnataka,B-97
774,B Movers,4.32,Who changed most in 4 years: Polio (3 doses),Andhra Pradesh: polio (3 doses) went 75.0% → 88.9% in 4 years. DNH & Daman Diu went the other way: 96.1% → 91.6%.,before/after bars for 5 risers + 5 fallers; biggest faller DNH & Daman Diu 96.1% → 91.6%,48,vaccines,Andhra Pradesh; Dadra & Nagar Haveli and Daman & Diu,B-48
775,F Village vs city,4.28,"DNH & Daman Diu: villages vs cities, Women with 10+ years of school","In DNH & Daman Diu, women with 10+ years of school is 32.0% in villages and 54.8% in cities.","map pin city vs village, two bars, then India's split",12,education,Dadra & Nagar Haveli and Daman & Diu,F-Dadra & Nagar Haveli and Daman & Diu-12
776,B Movers,4.27,Who changed most in 4 years: Men sterilised,Telangana: men sterilised went 2.0% → 3.6% in 4 years. Himachal Pradesh went the other way: 3.3% → 2.3%.,before/after bars for 5 risers + 5 fallers; biggest faller Himachal Pradesh 3.3% → 2.3%,24,family,Telangana; Himachal Pradesh,B-24
777,A Countdown,4.18,Top 10 states: Men: mild high BP,Which Indian state has the most men: mild high bp? #1 is 22.5%.,10→1 bar countdown; India avg 12.4%; reveal #1 Sikkim; flash last place Madhya Pradesh 7.9%,87,bp,Sikkim,A-87
778,B Movers,4.17,Who changed most in 4 years: Protected against neonatal tetanus,Mizoram: protected against neonatal tetanus went 80.0% → 93.0% in 4 years. Nagaland went the other way: 81.3% → 78.0%.,before/after bars for 5 risers + 5 fallers; biggest faller Nagaland 81.3% → 78.0%,31,pregnancy,Mizoram; Nagaland,B-31
779,B Movers,4.12,Who changed most in 4 years: Fully vaccinated (card only),Arunachal Pradesh: fully vaccinated (card only) went 76.4% → 89.1% in 4 years. Rajasthan went the other way: 85.3% → 75.0%.,before/after bars for 5 risers + 5 fallers; biggest faller Rajasthan 85.3% → 75.0%,45,vaccines,Arunachal Pradesh; Rajasthan,B-45
780,A Countdown,4.07,Top 10 states: Kids with respiratory infection,Which Indian state has the most kids with respiratory infection? #1 is 3.2%.,10→1 bar countdown; India avg 1.9%; reveal #1 Bihar; flash last place Andaman & Nicobar 0.2%,59,child health,Bihar,A-59
781,B Movers,4.0,Who changed most in 4 years: Breastmilk/water only (<6 months),Puducherry: breastmilk/water only (<6 months) went 73.2% → 96.1% in 4 years. Delhi went the other way: 83.9% → 72.2%.,before/after bars for 5 risers + 5 fallers; biggest faller Delhi 83.9% → 72.2%,64,breastfeeding,Puducherry; NCT of Delhi,B-64
782,C Outlier,3.98,Guess the state: India's lowest polio (3 doses),Every state has polio (3 doses) above 78.2%. Except one: 68.5%. Guess it.,"quiz: 3 options, 3-second timer, reveal Nagaland; India avg 85.0%",48,vaccines,Nagaland,C-48-bottom
783,F Village vs city,3.96,"Ladakh: villages vs cities, C-sections in government hospitals","In Ladakh, c-sections in government hospitals is 23.7% in villages and 43.3% in cities.","map pin city vs village, two bars, then India's split",40,birth,Ladakh,F-Ladakh-40
784,B Movers,3.93,Who changed most in 4 years: Severely wasted children,Puducherry: severely wasted children went 3.7% → 7.1% in 4 years. J&K went the other way: 9.7% → 4.1%.,before/after bars for 5 risers + 5 fallers; biggest faller J&K 9.7% → 4.1%,71,child nutrition,Puducherry; Jammu and Kashmir,B-71
785,B Movers,3.88,Who changed most in 4 years: Population under 15,Ladakh: population under 15 went 22.8% → 25.7% in 4 years. Arunachal Pradesh went the other way: 27.1% → 21.8%.,before/after bars for 5 risers + 5 fallers; biggest faller Arunachal Pradesh 27.1% → 21.8%,2,people,Ladakh; Arunachal Pradesh,B-2
786,C Outlier,3.88,Guess the state: India's highest population under 5,One state is way off the chart on population under 5: 11.5%. Next closest: 9.8%. Guess it.,"quiz: 3 options, 3-second timer, reveal Bihar; India avg 8.0%",1,people,Bihar,C-1-top
787,F Village vs city,3.88,"DNH & Daman Diu: villages vs cities, Born in government hospitals","In DNH & Daman Diu, born in government hospitals is 81.0% in villages and 62.2% in cities.","map pin city vs village, two bars, then India's split",36,birth,Dadra & Nagar Haveli and Daman & Diu,F-Dadra & Nagar Haveli and Daman & Diu-36
788,F Village vs city,3.83,"DNH & Daman Diu: villages vs cities, Kids (2-4) in pre-school","In DNH & Daman Diu, kids (2-4) in pre-school is 60.1% in villages and 41.8% in cities.","map pin city vs village, two bars, then India's split",11,education,Dadra & Nagar Haveli and Daman & Diu,F-Dadra & Nagar Haveli and Daman & Diu-11
789,A Countdown,3.82,Top 10 states: Babies born in hospitals,Which Indian state has the most babies born in hospitals? #1 is 99.8%.,10→1 bar countdown; India avg 90.6%; reveal #1 Puducherry; flash last place Nagaland 62.2%,35,birth,Puducherry,A-35
790,B Movers,3.82,Who changed most in 4 years: Unmet family-planning need,Odisha: unmet family-planning need went 7.2% → 10.0% in 4 years. Mizoram went the other way: 18.9% → 8.0%.,before/after bars for 5 risers + 5 fallers; biggest faller Mizoram 18.9% → 8.0%,25,family,Odisha; Mizoram,B-25
791,B Movers,3.82,Who changed most in 4 years: Men: mild high BP,Himachal Pradesh: men: mild high bp went 16.5% → 18.4% in 4 years. Punjab went the other way: 24.5% → 13.6%.,before/after bars for 5 risers + 5 fallers; biggest faller Punjab 24.5% → 13.6%,87,bp,Himachal Pradesh; Punjab,B-87
792,F Village vs city,3.79,"Andaman & Nicobar: villages vs cities, Men with 10+ years of school","In Andaman & Nicobar, men with 10+ years of school is 59.0% in villages and 76.9% in cities.","map pin city vs village, two bars, then India's split",13,education,Andaman and Nicobar Islands,F-Andaman and Nicobar Islands-13
793,B Movers,3.78,Who changed most in 4 years: Measles 1st dose,Meghalaya: measles 1st dose went 72.5% → 83.2% in 4 years. Delhi went the other way: 90.1% → 83.9%.,before/after bars for 5 risers + 5 fallers; biggest faller Delhi 90.1% → 83.9%,50,vaccines,Meghalaya; NCT of Delhi,B-50
794,A Countdown,3.77,Top 10 states: Breastfed within 1 hour of birth,Which Indian state has the most breastfed within 1 hour of birth? #1 is 82.3%.,10→1 bar countdown; India avg 50.1%; reveal #1 Kerala; flash last place Uttarakhand 37.1%,61,breastfeeding,Kerala,A-61
795,A Countdown,3.73,Top 10 states: Population under 5,Which Indian state has the most population under 5? #1 is 11.5%.,10→1 bar countdown; India avg 8.0%; reveal #1 Bihar; flash last place Andaman & Nicobar 3.7%,1,people,Bihar,A-1
796,A Countdown,3.71,Top 10 states: Children fully vaccinated,Which Indian state has the most children fully vaccinated? #1 is 94.1%.,10→1 bar countdown; India avg 82.6%; reveal #1 Ladakh; flash last place Nagaland 64.3%,44,vaccines,Ladakh,A-44
797,F Village vs city,3.69,"DNH & Daman Diu: villages vs cities, Women & girls who ever went to school","In DNH & Daman Diu, women & girls who ever went to school is 69.2% in villages and 86.1% in cities.","map pin city vs village, two bars, then India's split",9,education,Dadra & Nagar Haveli and Daman & Diu,F-Dadra & Nagar Haveli and Daman & Diu-9
798,F Village vs city,3.65,"DNH & Daman Diu: villages vs cities, Children fully vaccinated","In DNH & Daman Diu, children fully vaccinated is 96.9% in villages and 80.4% in cities.","map pin city vs village, two bars, then India's split",44,vaccines,Dadra & Nagar Haveli and Daman & Diu,F-Dadra & Nagar Haveli and Daman & Diu-44
799,C Outlier,3.62,Guess the state: India's highest women: mild high bp,One state is way off the chart on women: mild high bp: 18.7%. Next closest: 16.0%. Guess it.,"quiz: 3 options, 3-second timer, reveal Sikkim; India avg 9.4%",84,bp,Sikkim,C-84-top
800,F Village vs city,3.62,"Andaman & Nicobar: villages vs cities, Women with 10+ years of school","In Andaman & Nicobar, women with 10+ years of school is 57.9% in villages and 74.1% in cities.","map pin city vs village, two bars, then India's split",12,education,Andaman and Nicobar Islands,F-Andaman and Nicobar Islands-12
801,A Countdown,3.6,Top 10 states: Modern family planning use,Which Indian state has the most modern family planning use? #1 is 73.1%.,10→1 bar countdown; India avg 52.7%; reveal #1 Andhra Pradesh; flash last place Meghalaya 30.2%,21,family,Andhra Pradesh,A-21
802,A Countdown,3.6,Top 10 states: Kids with severe diarrhoea,Which Indian state has the most kids with severe diarrhoea? #1 is 1.2%.,10→1 bar countdown; India avg 0.5%; reveal #1 Karnataka; flash last place Andaman & Nicobar 0.0%,58,child health,Karnataka,A-58
803,B Movers,3.6,Who changed most in 4 years: Children with any vaccine,Mizoram: children with any vaccine went 86.4% → 96.0% in 4 years. Delhi went the other way: 96.8% → 87.5%.,before/after bars for 5 risers + 5 fallers; biggest faller Delhi 96.8% → 87.5%,46,vaccines,Mizoram; NCT of Delhi,B-46
804,B Movers,3.58,Who changed most in 4 years: Vaccinated at government centres,Kerala: vaccinated at government centres went 87.3% → 95.2% in 4 years. Nagaland went the other way: 93.2% → 83.7%.,before/after bars for 5 risers + 5 fallers; biggest faller Nagaland 93.2% → 83.7%,55,vaccines,Kerala; Nagaland,B-55
805,F Village vs city,3.58,"Puducherry: villages vs cities, Kids (2-4) in pre-school","In Puducherry, kids (2-4) in pre-school is 76.5% in villages and 60.7% in cities.","map pin city vs village, two bars, then India's split",11,education,Puducherry,F-Puducherry-11
806,B Movers,3.57,Who changed most in 4 years: BCG vaccine,Mizoram: bcg vaccine went 83.4% → 92.6% in 4 years. Delhi went the other way: 96.7% → 87.3%.,before/after bars for 5 risers + 5 fallers; biggest faller Delhi 96.7% → 87.3%,47,vaccines,Mizoram; NCT of Delhi,B-47
807,A Countdown,3.53,Top 10 states: Men: high blood sugar,Which Indian state has the most men: high blood sugar? #1 is 11.3%.,10→1 bar countdown; India avg 8.8%; reveal #1 West Bengal; flash last place Meghalaya 3.8%,81,sugar,West Bengal,A-81
808,A Countdown,3.52,Top 10 states: Sick kids taken to a doctor,Which Indian state has the most sick kids taken to a doctor? #1 is 86.9%.,10→1 bar countdown; India avg 68.8%; reveal #1 Punjab; flash last place Nagaland 34.0%,60,child health,Punjab,A-60
809,B Movers,3.5,Who changed most in 4 years: Violence during pregnancy,Chandigarh: violence during pregnancy went 0.0% → 3.0% in 4 years. Karnataka went the other way: 5.8% → 2.9%.,before/after bars for 5 risers + 5 fallers; biggest faller Karnataka 5.8% → 2.9%,96,violence,Chandigarh; Karnataka,B-96
810,B Movers,3.43,Who changed most in 4 years: Breastfeeding (<6 months),Arunachal Pradesh: breastfeeding (<6 months) went 86.5% → 95.1% in 4 years. Delhi went the other way: 96.0% → 88.0%.,before/after bars for 5 risers + 5 fallers; biggest faller Delhi 96.0% → 88.0%,63,breastfeeding,Arunachal Pradesh; NCT of Delhi,B-63
811,A Countdown,3.35,Top 10 states: Clean drinking water,Which Indian state has the most clean drinking water? #1 is 99.9%.,10→1 bar countdown; India avg 96.5%; reveal #1 Chandigarh; flash last place Nagaland 82.7%,5,home,Chandigarh,A-5
812,A Countdown,3.31,Top 10 states: Women with own bank account,Which Indian state has the most women with own bank account? #1 is 95.5%.,10→1 bar countdown; India avg 89.0%; reveal #1 Ladakh; flash last place Meghalaya 81.5%,92,women,Ladakh,A-92
813,B Movers,3.3,Who changed most in 4 years: Pentavalent (3 doses),Goa: pentavalent (3 doses) went 90.8% → 98.6% in 4 years. Tripura went the other way: 85.9% → 80.0%.,before/after bars for 5 risers + 5 fallers; biggest faller Tripura 85.9% → 80.0%,49,vaccines,Goa; Tripura,B-49
814,A Countdown,3.29,Top 10 states: Women: high blood sugar,Which Indian state has the most women: high blood sugar? #1 is 9.5%.,10→1 bar countdown; India avg 7.5%; reveal #1 Odisha; flash last place Meghalaya 4.0%,78,sugar,Odisha,A-78
815,B Movers,3.28,Who changed most in 4 years: Women: mild high BP,J&K: women: mild high bp went 11.7% → 12.9% in 4 years. Punjab went the other way: 18.5% → 10.8%.,before/after bars for 5 risers + 5 fallers; biggest faller Punjab 18.5% → 10.8%,84,bp,Jammu and Kashmir; Punjab,B-84
816,A Countdown,3.21,Top 10 states: Hepatitis B birth dose,Which Indian state has the most hepatitis b birth dose? #1 is 94.1%.,10→1 bar countdown; India avg 77.6%; reveal #1 J&K; flash last place Nagaland 46.4%,52,vaccines,Jammu and Kashmir,A-52
817,C Outlier,3.16,Guess the state: India's lowest hepatitis b birth dose,Every state has hepatitis b birth dose above 57.3%. Except one: 46.4%. Guess it.,"quiz: 3 options, 3-second timer, reveal Nagaland; India avg 77.6%",52,vaccines,Nagaland,C-52-bottom
818,A Countdown,3.09,Top 10 states: Mothers checked within 2 days,Which Indian state has the most mothers checked within 2 days? #1 is 97.4%.,10→1 bar countdown; India avg 82.8%; reveal #1 Andhra Pradesh; flash last place Meghalaya 51.9%,41,birth,Andhra Pradesh,A-41
819,B Movers,3.07,Who changed most in 4 years: Mother & Child Protection card,Sikkim: mother & child protection card went 94.6% → 99.9% in 4 years. Goa went the other way: 99.8% → 93.4%.,before/after bars for 5 risers + 5 fallers; biggest faller Goa 99.8% → 93.4%,34,pregnancy,Sikkim; Goa,B-34
820,B Movers,3.05,Who changed most in 4 years: Unmet need for limiting,Karnataka: unmet need for limiting went 2.7% → 3.5% in 4 years. Andaman & Nicobar went the other way: 7.4% → 1.1%.,before/after bars for 5 risers + 5 fallers; biggest faller Andaman & Nicobar 7.4% → 1.1%,27,family,Karnataka; Andaman and Nicobar Islands,B-27
821,B Movers,2.97,Who changed most in 4 years: Unmet need for spacing,Odisha: unmet need for spacing went 2.6% → 4.7% in 4 years. Mizoram went the other way: 12.9% → 7.1%.,before/after bars for 5 risers + 5 fallers; biggest faller Mizoram 12.9% → 7.1%,26,family,Odisha; Mizoram,B-26
822,B Movers,2.92,Who changed most in 4 years: Homes with a bank account,Sikkim: homes with a bank account went 91.8% → 97.3% in 4 years. Chandigarh went the other way: 96.9% → 96.9%.,before/after bars for 5 risers + 5 fallers; biggest faller Chandigarh 96.9% → 96.9%,8,home,Sikkim; Chandigarh,B-8
823,A Countdown,2.89,Top 10 states: Mothers with 4+ antenatal visits,Which Indian state has the most mothers with 4+ antenatal visits? #1 is 95.1%.,10→1 bar countdown; India avg 65.2%; reveal #1 Puducherry; flash last place Nagaland 32.5%,30,pregnancy,Puducherry,A-30
824,A Countdown,2.84,Top 10 states: Measles 2nd dose,Which Indian state has the most measles 2nd dose? #1 is 88.3%.,10→1 bar countdown; India avg 71.8%; reveal #1 Goa; flash last place Rajasthan 57.6%,51,vaccines,Goa,A-51
825,B Movers,2.8,Who changed most in 4 years: Homes with electricity,Uttar Pradesh: homes with electricity went 91.0% → 95.8% in 4 years. Telangana went the other way: 99.6% → 98.6%.,before/after bars for 5 risers + 5 fallers; biggest faller Telangana 99.6% → 98.6%,4,home,Uttar Pradesh; Telangana,B-4
826,B Movers,2.8,Who changed most in 4 years: Men: high blood sugar,Chhattisgarh: men: high blood sugar went 5.4% → 9.7% in 4 years. Meghalaya went the other way: 8.6% → 3.8%.,before/after bars for 5 risers + 5 fallers; biggest faller Meghalaya 8.6% → 3.8%,81,sugar,Chhattisgarh; Meghalaya,B-81
827,B Movers,2.78,Who changed most in 4 years: Women: high blood sugar,Uttarakhand: women: high blood sugar went 4.2% → 8.9% in 4 years. Assam went the other way: 6.9% → 5.8%.,before/after bars for 5 risers + 5 fallers; biggest faller Assam 6.9% → 5.8%,78,sugar,Uttarakhand; Assam,B-78
828,A Countdown,2.77,Top 10 states: Rotavirus (3 doses),Which Indian state has the most rotavirus (3 doses)? #1 is 97.1%.,10→1 bar countdown; India avg 85.4%; reveal #1 Goa; flash last place Telangana 63.8%,53,vaccines,Goa,A-53
829,H Got worse,2.75,India got worse: Men: high blood sugar,"In 4 years, men: high blood sugar went from 7.3% to 8.8% across India. 22 states got worse.","national line up/down, then the worst 5 states light up on a map",81,sugar,,H-81
830,A Countdown,2.56,Top 10 states: Pentavalent (3 doses),Which Indian state has the most pentavalent (3 doses)? #1 is 98.6%.,10→1 bar countdown; India avg 89.2%; reveal #1 Goa; flash last place Nagaland 73.4%,49,vaccines,Goa,A-49
831,A Countdown,2.55,Top 10 states: Fully vaccinated (card only),Which Indian state has the most fully vaccinated (card only)? #1 is 94.4%.,10→1 bar countdown; India avg 87.1%; reveal #1 Goa; flash last place Delhi 70.0%,45,vaccines,Goa,A-45
832,B Movers,2.53,Who changed most in 4 years: Population under 5,J&K: population under 5 went 6.7% → 7.5% in 4 years. Meghalaya went the other way: 12.1% → 8.9%.,before/after bars for 5 risers + 5 fallers; biggest faller Meghalaya 12.1% → 8.9%,1,people,Jammu and Kashmir; Meghalaya,B-1
833,B Movers,2.47,Who changed most in 4 years: Kids with severe diarrhoea,Uttarakhand: kids with severe diarrhoea went 0.2% → 1.1% in 4 years. Ladakh went the other way: 2.8% → 0.0%.,before/after bars for 5 risers + 5 fallers; biggest faller Ladakh 2.8% → 0.0%,58,child health,Uttarakhand; Ladakh,B-58
834,A Countdown,2.44,Top 10 states: Protected against neonatal tetanus,Which Indian state has the most protected against neonatal tetanus? #1 is 98.9%.,10→1 bar countdown; India avg 93.8%; reveal #1 Sikkim; flash last place Nagaland 78.0%,31,pregnancy,Sikkim,A-31
835,A Countdown,2.34,Top 10 states: Mothers with any antenatal visit,Which Indian state has the most mothers with any antenatal visit? #1 is 99.7%.,10→1 bar countdown; India avg 95.9%; reveal #1 Andhra Pradesh; flash last place Nagaland 83.2%,29,pregnancy,Andhra Pradesh,A-29
836,A Countdown,2.28,Top 10 states: Homes using iodised salt,Which Indian state has the most homes using iodised salt? #1 is 99.9%.,10→1 bar countdown; India avg 94.2%; reveal #1 Sikkim; flash last place Uttar Pradesh 86.5%,6,home,Sikkim,A-6
837,A Countdown,2.22,Top 10 states: Mother & Child Protection card,Which Indian state has the most mother & child protection card? #1 is 99.9%.,10→1 bar countdown; India avg 95.6%; reveal #1 Sikkim; flash last place Bihar 89.5%,34,pregnancy,Sikkim,A-34
838,A Countdown,2.08,Top 10 states: Homes with electricity,Which Indian state has the most homes with electricity? #1 is 99.8%.,10→1 bar countdown; India avg 98.3%; reveal #1 Sikkim; flash last place Uttar Pradesh 95.8%,4,home,Sikkim,A-4
839,A Countdown,2.04,Top 10 states: Babies checked within 2 days,Which Indian state has the most babies checked within 2 days? #1 is 98.7%.,10→1 bar countdown; India avg 85.3%; reveal #1 Andaman & Nicobar; flash last place Meghalaya 53.8%,43,birth,Andaman and Nicobar Islands,A-43
840,A Countdown,2.0,Top 10 states: Check-up in first 3 months of pregnancy,Which Indian state has the most check-up in first 3 months of pregnancy? #1 is 96.3%.,10→1 bar countdown; India avg 76.2%; reveal #1 Ladakh; flash last place Arunachal Pradesh 57.6%,28,pregnancy,Ladakh,A-28
841,A Countdown,1.95,Top 10 states: Vitamin A dose,Which Indian state has the most vitamin a dose? #1 is 92.3%.,10→1 bar countdown; India avg 74.6%; reveal #1 DNH & Daman Diu; flash last place Nagaland 56.5%,54,vaccines,Dadra & Nagar Haveli and Daman & Diu,A-54
842,B Movers,1.82,Who changed most in 4 years: Kids with respiratory infection,Chandigarh: kids with respiratory infection went 0.3% → 1.0% in 4 years. Ladakh went the other way: 5.3% → 0.4%.,before/after bars for 5 risers + 5 fallers; biggest faller Ladakh 5.3% → 0.4%,59,child health,Chandigarh; Ladakh,B-59
843,A Countdown,1.75,Top 10 states: Breastmilk/water only (<6 months),Which Indian state has the most breastmilk/water only (<6 months)? #1 is 96.1%.,10→1 bar countdown; India avg 85.3%; reveal #1 Puducherry; flash last place Arunachal Pradesh 63.9%,64,breastfeeding,Puducherry,A-64
844,A Countdown,1.63,Top 10 states: Births with skilled staff,Which Indian state has the most births with skilled staff? #1 is 99.8%.,10→1 bar countdown; India avg 91.3%; reveal #1 Puducherry; flash last place Meghalaya 70.9%,37,birth,Puducherry,A-37
845,A Countdown,1.6,Top 10 states: Polio (3 doses),Which Indian state has the most polio (3 doses)? #1 is 94.4%.,10→1 bar countdown; India avg 85.0%; reveal #1 Puducherry; flash last place Nagaland 68.5%,48,vaccines,Puducherry,A-48
846,A Countdown,1.42,Top 10 states: Measles 1st dose,Which Indian state has the most measles 1st dose? #1 is 98.9%.,10→1 bar countdown; India avg 91.7%; reveal #1 DNH & Daman Diu; flash last place Nagaland 79.4%,50,vaccines,Dadra & Nagar Haveli and Daman & Diu,A-50
847,A Countdown,1.34,Top 10 states: Vaccinated at government centres,Which Indian state has the most vaccinated at government centres? #1 is 100.0%.,10→1 bar countdown; India avg 95.6%; reveal #1 DNH & Daman Diu; flash last place Nagaland 83.7%,55,vaccines,Dadra & Nagar Haveli and Daman & Diu,A-55
848,A Countdown,1.29,Top 10 states: BCG vaccine,Which Indian state has the most bcg vaccine? #1 is 100.0%.,10→1 bar countdown; India avg 95.0%; reveal #1 DNH & Daman Diu; flash last place Nagaland 86.0%,47,vaccines,Dadra & Nagar Haveli and Daman & Diu,A-47
849,A Countdown,1.26,Top 10 states: Children with any vaccine,Which Indian state has the most children with any vaccine? #1 is 100.0%.,10→1 bar countdown; India avg 96.4%; reveal #1 DNH & Daman Diu; flash last place Delhi 87.5%,46,vaccines,Dadra & Nagar Haveli and Daman & Diu,A-46
850,A Countdown,1.25,Top 10 states: Breastfeeding (<6 months),Which Indian state has the most breastfeeding (<6 months)? #1 is 100.0%.,10→1 bar countdown; India avg 95.6%; reveal #1 Puducherry; flash last place Delhi 88.0%,63,breastfeeding,Puducherry,A-63
851,A Countdown,1.12,Top 10 states: Homes with a bank account,Which Indian state has the most homes with a bank account? #1 is 99.3%.,10→1 bar countdown; India avg 98.2%; reveal #1 Ladakh; flash last place Meghalaya 93.5%,8,home,Ladakh,A-8
